fecha,mes,año,semana,trimestre,tipo_mejora,mejoras_planificadas,mejoras_implementadas,porcentaje_implementacion,estado
2020-01-05,2020-01,2020,1,Q1,Proceso,6,5,85.5,Revisar plan
2020-01-05,2020-01,2020,1,Q1,Tecnología,2,1,86.11,Revisar plan
2020-01-05,2020-01,2020,1,Q1,Organizacional,7,6,97.95,Evolución positiva
2020-01-05,2020-01,2020,1,Q1,Metodología,4,3,84.65,Revisar plan
2020-01-05,2020-01,2020,1,Q1,Herramienta,3,2,77.25,Revisar plan
2020-01-12,2020-01,2020,2,Q1,Proceso,6,5,89.44,Revisar plan
2020-01-12,2020-01,2020,2,Q1,Tecnología,7,5,79.4,Revisar plan
2020-01-12,2020-01,2020,2,Q1,Organizacional,3,2,79.85,Revisar plan
2020-01-12,2020-01,2020,2,Q1,Metodología,2,1,86.52,Revisar plan
2020-01-12,2020-01,2020,2,Q1,Herramienta,4,3,79.11,Revisar plan
2020-01-19,2020-01,2020,3,Q1,Proceso,5,4,84.52,Revisar plan
2020-01-19,2020-01,2020,3,Q1,Tecnología,5,4,94.03,Evolución positiva
2020-01-19,2020-01,2020,3,Q1,Organizacional,3,2,92.19,Evolución positiva
2020-01-19,2020-01,2020,3,Q1,Metodología,7,6,86.86,Revisar plan
2020-01-19,2020-01,2020,3,Q1,Herramienta,2,1,90.72,Evolución positiva
2020-01-26,2020-01,2020,4,Q1,Proceso,3,2,81.4,Revisar plan
2020-01-26,2020-01,2020,4,Q1,Tecnología,4,3,78.75,Revisar plan
2020-01-26,2020-01,2020,4,Q1,Organizacional,7,6,92.43,Evolución positiva
2020-01-26,2020-01,2020,4,Q1,Metodología,4,3,85.29,Revisar plan
2020-01-26,2020-01,2020,4,Q1,Herramienta,5,4,92.61,Evolución positiva
2020-02-02,2020-02,2020,5,Q1,Proceso,5,3,76.3,Revisar plan
2020-02-02,2020-02,2020,5,Q1,Tecnología,4,3,84.46,Revisar plan
2020-02-02,2020-02,2020,5,Q1,Organizacional,4,3,75.24,Revisar plan
2020-02-02,2020-02,2020,5,Q1,Metodología,6,5,87.98,Revisar plan
2020-02-02,2020-02,2020,5,Q1,Herramienta,5,4,96.21,Evolución positiva
2020-02-09,2020-02,2020,6,Q1,Proceso,2,1,76.63,Revisar plan
2020-02-09,2020-02,2020,6,Q1,Tecnología,5,4,95.45,Evolución positiva
2020-02-09,2020-02,2020,6,Q1,Organizacional,3,2,87.29,Revisar plan
2020-02-09,2020-02,2020,6,Q1,Metodología,5,4,86.31,Revisar plan
2020-02-09,2020-02,2020,6,Q1,Herramienta,2,1,75.05,Revisar plan
2020-02-16,2020-02,2020,7,Q1,Proceso,7,5,81.69,Revisar plan
2020-02-16,2020-02,2020,7,Q1,Tecnología,6,4,82.02,Revisar plan
2020-02-16,2020-02,2020,7,Q1,Organizacional,7,6,97.32,Evolución positiva
2020-02-16,2020-02,2020,7,Q1,Metodología,6,5,84.06,Revisar plan
2020-02-16,2020-02,2020,7,Q1,Herramienta,2,1,80.98,Revisar plan
2020-02-23,2020-02,2020,8,Q1,Proceso,2,1,82.49,Revisar plan
2020-02-23,2020-02,2020,8,Q1,Tecnología,4,3,80.11,Revisar plan
2020-02-23,2020-02,2020,8,Q1,Organizacional,3,2,87.0,Revisar plan
2020-02-23,2020-02,2020,8,Q1,Metodología,4,3,83.1,Revisar plan
2020-02-23,2020-02,2020,8,Q1,Herramienta,6,4,76.21,Revisar plan
2020-03-01,2020-03,2020,9,Q1,Proceso,5,4,83.34,Revisar plan
2020-03-01,2020-03,2020,9,Q1,Tecnología,7,6,93.0,Evolución positiva
2020-03-01,2020-03,2020,9,Q1,Organizacional,6,4,77.77,Revisar plan
2020-03-01,2020-03,2020,9,Q1,Metodología,4,3,81.96,Revisar plan
2020-03-01,2020-03,2020,9,Q1,Herramienta,6,5,95.79,Evolución positiva
2020-03-08,2020-03,2020,10,Q1,Proceso,6,5,93.78,Evolución positiva
2020-03-08,2020-03,2020,10,Q1,Tecnología,5,4,89.93,Revisar plan
2020-03-08,2020-03,2020,10,Q1,Organizacional,7,6,95.13,Evolución positiva
2020-03-08,2020-03,2020,10,Q1,Metodología,6,5,85.43,Revisar plan
2020-03-08,2020-03,2020,10,Q1,Herramienta,7,6,93.51,Evolución positiva
2020-03-15,2020-03,2020,11,Q1,Proceso,7,6,87.8,Revisar plan
2020-03-15,2020-03,2020,11,Q1,Tecnología,3,2,82.32,Revisar plan
2020-03-15,2020-03,2020,11,Q1,Organizacional,7,5,83.35,Revisar plan
2020-03-15,2020-03,2020,11,Q1,Metodología,6,5,98.57,Evolución positiva
2020-03-15,2020-03,2020,11,Q1,Herramienta,5,4,92.75,Evolución positiva
2020-03-22,2020-03,2020,12,Q1,Proceso,6,4,78.69,Revisar plan
2020-03-22,2020-03,2020,12,Q1,Tecnología,7,5,82.29,Revisar plan
2020-03-22,2020-03,2020,12,Q1,Organizacional,6,5,83.36,Revisar plan
2020-03-22,2020-03,2020,12,Q1,Metodología,3,2,79.59,Revisar plan
2020-03-22,2020-03,2020,12,Q1,Herramienta,2,1,93.74,Evolución positiva
2020-03-29,2020-03,2020,13,Q1,Proceso,4,3,85.89,Revisar plan
2020-03-29,2020-03,2020,13,Q1,Tecnología,7,5,78.3,Revisar plan
2020-03-29,2020-03,2020,13,Q1,Organizacional,3,2,77.15,Revisar plan
2020-03-29,2020-03,2020,13,Q1,Metodología,6,5,98.48,Evolución positiva
2020-03-29,2020-03,2020,13,Q1,Herramienta,4,3,88.49,Revisar plan
2020-04-05,2020-04,2020,14,Q2,Proceso,3,2,95.56,Evolución positiva
2020-04-05,2020-04,2020,14,Q2,Tecnología,6,5,86.74,Revisar plan
2020-04-05,2020-04,2020,14,Q2,Organizacional,2,1,88.99,Revisar plan
2020-04-05,2020-04,2020,14,Q2,Metodología,2,1,91.12,Evolución positiva
2020-04-05,2020-04,2020,14,Q2,Herramienta,4,3,95.73,Evolución positiva
2020-04-12,2020-04,2020,15,Q2,Proceso,7,5,80.99,Revisar plan
2020-04-12,2020-04,2020,15,Q2,Tecnología,5,4,99.39,Evolución positiva
2020-04-12,2020-04,2020,15,Q2,Organizacional,5,3,75.72,Revisar plan
2020-04-12,2020-04,2020,15,Q2,Metodología,4,3,83.94,Revisar plan
2020-04-12,2020-04,2020,15,Q2,Herramienta,7,6,96.01,Evolución positiva
2020-04-19,2020-04,2020,16,Q2,Proceso,7,6,95.55,Evolución positiva
2020-04-19,2020-04,2020,16,Q2,Tecnología,5,3,78.66,Revisar plan
2020-04-19,2020-04,2020,16,Q2,Organizacional,4,3,89.92,Revisar plan
2020-04-19,2020-04,2020,16,Q2,Metodología,2,1,87.74,Revisar plan
2020-04-19,2020-04,2020,16,Q2,Herramienta,2,1,97.25,Evolución positiva
2020-04-26,2020-04,2020,17,Q2,Proceso,4,3,94.88,Evolución positiva
2020-04-26,2020-04,2020,17,Q2,Tecnología,4,3,99.84,Evolución positiva
2020-04-26,2020-04,2020,17,Q2,Organizacional,4,3,98.93,Evolución positiva
2020-04-26,2020-04,2020,17,Q2,Metodología,4,3,82.9,Revisar plan
2020-04-26,2020-04,2020,17,Q2,Herramienta,6,5,97.27,Evolución positiva
2020-05-03,2020-05,2020,18,Q2,Proceso,2,1,78.06,Revisar plan
2020-05-03,2020-05,2020,18,Q2,Tecnología,6,5,91.83,Evolución positiva
2020-05-03,2020-05,2020,18,Q2,Organizacional,5,3,76.62,Revisar plan
2020-05-03,2020-05,2020,18,Q2,Metodología,4,3,99.27,Evolución positiva
2020-05-03,2020-05,2020,18,Q2,Herramienta,3,2,97.95,Evolución positiva
2020-05-10,2020-05,2020,19,Q2,Proceso,5,4,87.18,Revisar plan
2020-05-10,2020-05,2020,19,Q2,Tecnología,6,4,76.11,Revisar plan
2020-05-10,2020-05,2020,19,Q2,Organizacional,3,2,83.51,Revisar plan
2020-05-10,2020-05,2020,19,Q2,Metodología,7,6,85.75,Revisar plan
2020-05-10,2020-05,2020,19,Q2,Herramienta,2,1,77.09,Revisar plan
2020-05-17,2020-05,2020,20,Q2,Proceso,7,5,84.91,Revisar plan
2020-05-17,2020-05,2020,20,Q2,Tecnología,7,6,93.57,Evolución positiva
2020-05-17,2020-05,2020,20,Q2,Organizacional,7,6,86.06,Revisar plan
2020-05-17,2020-05,2020,20,Q2,Metodología,5,4,97.06,Evolución positiva
2020-05-17,2020-05,2020,20,Q2,Herramienta,4,3,97.74,Evolución positiva
2020-05-24,2020-05,2020,21,Q2,Proceso,4,3,91.13,Evolución positiva
2020-05-24,2020-05,2020,21,Q2,Tecnología,3,2,82.85,Revisar plan
2020-05-24,2020-05,2020,21,Q2,Organizacional,2,1,83.55,Revisar plan
2020-05-24,2020-05,2020,21,Q2,Metodología,2,1,82.18,Revisar plan
2020-05-24,2020-05,2020,21,Q2,Herramienta,7,5,82.86,Revisar plan
2020-05-31,2020-05,2020,22,Q2,Proceso,3,2,93.39,Evolución positiva
2020-05-31,2020-05,2020,22,Q2,Tecnología,4,3,88.52,Revisar plan
2020-05-31,2020-05,2020,22,Q2,Organizacional,2,1,82.42,Revisar plan
2020-05-31,2020-05,2020,22,Q2,Metodología,5,4,94.07,Evolución positiva
2020-05-31,2020-05,2020,22,Q2,Herramienta,4,3,79.08,Revisar plan
2020-06-07,2020-06,2020,23,Q2,Proceso,6,5,93.87,Evolución positiva
2020-06-07,2020-06,2020,23,Q2,Tecnología,3,2,77.58,Revisar plan
2020-06-07,2020-06,2020,23,Q2,Organizacional,2,1,99.16,Evolución positiva
2020-06-07,2020-06,2020,23,Q2,Metodología,5,3,78.78,Revisar plan
2020-06-07,2020-06,2020,23,Q2,Herramienta,7,6,96.94,Evolución positiva
2020-06-14,2020-06,2020,24,Q2,Proceso,3,2,81.9,Revisar plan
2020-06-14,2020-06,2020,24,Q2,Tecnología,3,2,89.73,Revisar plan
2020-06-14,2020-06,2020,24,Q2,Organizacional,4,3,93.27,Evolución positiva
2020-06-14,2020-06,2020,24,Q2,Metodología,5,3,78.9,Revisar plan
2020-06-14,2020-06,2020,24,Q2,Herramienta,2,1,75.56,Revisar plan
2020-06-21,2020-06,2020,25,Q2,Proceso,6,5,92.03,Evolución positiva
2020-06-21,2020-06,2020,25,Q2,Tecnología,4,3,86.82,Revisar plan
2020-06-21,2020-06,2020,25,Q2,Organizacional,6,5,97.99,Evolución positiva
2020-06-21,2020-06,2020,25,Q2,Metodología,3,2,99.15,Evolución positiva
2020-06-21,2020-06,2020,25,Q2,Herramienta,4,3,79.43,Revisar plan
2020-06-28,2020-06,2020,26,Q2,Proceso,3,2,82.35,Revisar plan
2020-06-28,2020-06,2020,26,Q2,Tecnología,3,2,96.89,Evolución positiva
2020-06-28,2020-06,2020,26,Q2,Organizacional,2,1,94.0,Evolución positiva
2020-06-28,2020-06,2020,26,Q2,Metodología,2,1,91.8,Evolución positiva
2020-06-28,2020-06,2020,26,Q2,Herramienta,5,4,80.09,Revisar plan
2020-07-05,2020-07,2020,27,Q3,Proceso,6,5,96.56,Evolución positiva
2020-07-05,2020-07,2020,27,Q3,Tecnología,2,1,91.67,Evolución positiva
2020-07-05,2020-07,2020,27,Q3,Organizacional,2,1,86.12,Revisar plan
2020-07-05,2020-07,2020,27,Q3,Metodología,7,6,88.66,Revisar plan
2020-07-05,2020-07,2020,27,Q3,Herramienta,7,5,75.5,Revisar plan
2020-07-12,2020-07,2020,28,Q3,Proceso,4,3,81.63,Revisar plan
2020-07-12,2020-07,2020,28,Q3,Tecnología,5,4,86.53,Revisar plan
2020-07-12,2020-07,2020,28,Q3,Organizacional,5,4,94.45,Evolución positiva
2020-07-12,2020-07,2020,28,Q3,Metodología,6,5,87.91,Revisar plan
2020-07-12,2020-07,2020,28,Q3,Herramienta,7,5,75.48,Revisar plan
2020-07-19,2020-07,2020,29,Q3,Proceso,2,1,99.87,Evolución positiva
2020-07-19,2020-07,2020,29,Q3,Tecnología,6,4,81.87,Revisar plan
2020-07-19,2020-07,2020,29,Q3,Organizacional,2,1,92.91,Evolución positiva
2020-07-19,2020-07,2020,29,Q3,Metodología,4,3,83.73,Revisar plan
2020-07-19,2020-07,2020,29,Q3,Herramienta,2,1,97.13,Evolución positiva
2020-07-26,2020-07,2020,30,Q3,Proceso,2,1,87.27,Revisar plan
2020-07-26,2020-07,2020,30,Q3,Tecnología,7,5,75.06,Revisar plan
2020-07-26,2020-07,2020,30,Q3,Organizacional,5,4,94.05,Evolución positiva
2020-07-26,2020-07,2020,30,Q3,Metodología,7,6,90.99,Evolución positiva
2020-07-26,2020-07,2020,30,Q3,Herramienta,7,5,85.45,Revisar plan
2020-08-02,2020-08,2020,31,Q3,Proceso,3,2,77.08,Revisar plan
2020-08-02,2020-08,2020,31,Q3,Tecnología,2,1,88.43,Revisar plan
2020-08-02,2020-08,2020,31,Q3,Organizacional,7,5,85.15,Revisar plan
2020-08-02,2020-08,2020,31,Q3,Metodología,5,4,96.61,Evolución positiva
2020-08-02,2020-08,2020,31,Q3,Herramienta,2,1,76.89,Revisar plan
2020-08-09,2020-08,2020,32,Q3,Proceso,7,6,92.27,Evolución positiva
2020-08-09,2020-08,2020,32,Q3,Tecnología,6,5,87.96,Revisar plan
2020-08-09,2020-08,2020,32,Q3,Organizacional,7,6,96.8,Evolución positiva
2020-08-09,2020-08,2020,32,Q3,Metodología,4,3,94.0,Evolución positiva
2020-08-09,2020-08,2020,32,Q3,Herramienta,2,1,75.68,Revisar plan
2020-08-16,2020-08,2020,33,Q3,Proceso,5,4,82.51,Revisar plan
2020-08-16,2020-08,2020,33,Q3,Tecnología,5,4,91.13,Evolución positiva
2020-08-16,2020-08,2020,33,Q3,Organizacional,5,4,80.66,Revisar plan
2020-08-16,2020-08,2020,33,Q3,Metodología,4,3,81.7,Revisar plan
2020-08-16,2020-08,2020,33,Q3,Herramienta,3,2,87.99,Revisar plan
2020-08-23,2020-08,2020,34,Q3,Proceso,2,1,90.84,Evolución positiva
2020-08-23,2020-08,2020,34,Q3,Tecnología,2,1,86.74,Revisar plan
2020-08-23,2020-08,2020,34,Q3,Organizacional,6,5,93.11,Evolución positiva
2020-08-23,2020-08,2020,34,Q3,Metodología,4,3,93.43,Evolución positiva
2020-08-23,2020-08,2020,34,Q3,Herramienta,4,3,76.87,Revisar plan
2020-08-30,2020-08,2020,35,Q3,Proceso,6,5,87.83,Revisar plan
2020-08-30,2020-08,2020,35,Q3,Tecnología,3,2,75.53,Revisar plan
2020-08-30,2020-08,2020,35,Q3,Organizacional,4,3,95.02,Evolución positiva
2020-08-30,2020-08,2020,35,Q3,Metodología,2,1,78.79,Revisar plan
2020-08-30,2020-08,2020,35,Q3,Herramienta,6,5,83.55,Revisar plan
2020-09-06,2020-09,2020,36,Q3,Proceso,4,3,92.01,Evolución positiva
2020-09-06,2020-09,2020,36,Q3,Tecnología,4,3,84.07,Revisar plan
2020-09-06,2020-09,2020,36,Q3,Organizacional,4,3,97.48,Evolución positiva
2020-09-06,2020-09,2020,36,Q3,Metodología,4,3,75.41,Revisar plan
2020-09-06,2020-09,2020,36,Q3,Herramienta,7,5,77.7,Revisar plan
2020-09-13,2020-09,2020,37,Q3,Proceso,7,6,91.3,Evolución positiva
2020-09-13,2020-09,2020,37,Q3,Tecnología,7,6,86.67,Revisar plan
2020-09-13,2020-09,2020,37,Q3,Organizacional,5,4,99.82,Evolución positiva
2020-09-13,2020-09,2020,37,Q3,Metodología,7,6,90.79,Evolución positiva
2020-09-13,2020-09,2020,37,Q3,Herramienta,3,2,89.8,Revisar plan
2020-09-20,2020-09,2020,38,Q3,Proceso,5,4,85.3,Revisar plan
2020-09-20,2020-09,2020,38,Q3,Tecnología,5,3,75.4,Revisar plan
2020-09-20,2020-09,2020,38,Q3,Organizacional,5,4,83.71,Revisar plan
2020-09-20,2020-09,2020,38,Q3,Metodología,7,6,86.1,Revisar plan
2020-09-20,2020-09,2020,38,Q3,Herramienta,2,1,91.1,Evolución positiva
2020-09-27,2020-09,2020,39,Q3,Proceso,7,6,90.82,Evolución positiva
2020-09-27,2020-09,2020,39,Q3,Tecnología,4,3,96.42,Evolución positiva
2020-09-27,2020-09,2020,39,Q3,Organizacional,7,5,85.38,Revisar plan
2020-09-27,2020-09,2020,39,Q3,Metodología,6,5,99.26,Evolución positiva
2020-09-27,2020-09,2020,39,Q3,Herramienta,4,3,86.8,Revisar plan
2020-10-04,2020-10,2020,40,Q4,Proceso,4,3,90.52,Evolución positiva
2020-10-04,2020-10,2020,40,Q4,Tecnología,6,5,98.7,Evolución positiva
2020-10-04,2020-10,2020,40,Q4,Organizacional,3,2,81.4,Revisar plan
2020-10-04,2020-10,2020,40,Q4,Metodología,4,3,80.96,Revisar plan
2020-10-04,2020-10,2020,40,Q4,Herramienta,7,6,88.74,Revisar plan
2020-10-11,2020-10,2020,41,Q4,Proceso,7,6,94.52,Evolución positiva
2020-10-11,2020-10,2020,41,Q4,Tecnología,3,2,98.77,Evolución positiva
2020-10-11,2020-10,2020,41,Q4,Organizacional,5,4,80.28,Revisar plan
2020-10-11,2020-10,2020,41,Q4,Metodología,3,2,83.26,Revisar plan
2020-10-11,2020-10,2020,41,Q4,Herramienta,7,5,81.34,Revisar plan
2020-10-18,2020-10,2020,42,Q4,Proceso,2,1,92.97,Evolución positiva
2020-10-18,2020-10,2020,42,Q4,Tecnología,7,6,92.99,Evolución positiva
2020-10-18,2020-10,2020,42,Q4,Organizacional,7,5,84.47,Revisar plan
2020-10-18,2020-10,2020,42,Q4,Metodología,7,6,94.91,Evolución positiva
2020-10-18,2020-10,2020,42,Q4,Herramienta,5,3,77.56,Revisar plan
2020-10-25,2020-10,2020,43,Q4,Proceso,3,2,81.97,Revisar plan
2020-10-25,2020-10,2020,43,Q4,Tecnología,3,2,78.25,Revisar plan
2020-10-25,2020-10,2020,43,Q4,Organizacional,5,4,94.59,Evolución positiva
2020-10-25,2020-10,2020,43,Q4,Metodología,4,3,75.14,Revisar plan
2020-10-25,2020-10,2020,43,Q4,Herramienta,6,5,90.45,Evolución positiva
2020-11-01,2020-11,2020,44,Q4,Proceso,2,1,83.61,Revisar plan
2020-11-01,2020-11,2020,44,Q4,Tecnología,4,3,81.31,Revisar plan
2020-11-01,2020-11,2020,44,Q4,Organizacional,3,2,99.0,Evolución positiva
2020-11-01,2020-11,2020,44,Q4,Metodología,7,6,92.19,Evolución positiva
2020-11-01,2020-11,2020,44,Q4,Herramienta,3,2,77.86,Revisar plan
2020-11-08,2020-11,2020,45,Q4,Proceso,3,2,87.48,Revisar plan
2020-11-08,2020-11,2020,45,Q4,Tecnología,5,4,82.44,Revisar plan
2020-11-08,2020-11,2020,45,Q4,Organizacional,2,1,89.82,Revisar plan
2020-11-08,2020-11,2020,45,Q4,Metodología,6,4,78.39,Revisar plan
2020-11-08,2020-11,2020,45,Q4,Herramienta,6,5,95.46,Evolución positiva
2020-11-15,2020-11,2020,46,Q4,Proceso,4,3,94.03,Evolución positiva
2020-11-15,2020-11,2020,46,Q4,Tecnología,3,2,92.41,Evolución positiva
2020-11-15,2020-11,2020,46,Q4,Organizacional,4,3,90.85,Evolución positiva
2020-11-15,2020-11,2020,46,Q4,Metodología,2,1,84.9,Revisar plan
2020-11-15,2020-11,2020,46,Q4,Herramienta,4,3,96.27,Evolución positiva
2020-11-22,2020-11,2020,47,Q4,Proceso,4,3,99.76,Evolución positiva
2020-11-22,2020-11,2020,47,Q4,Tecnología,7,6,86.7,Revisar plan
2020-11-22,2020-11,2020,47,Q4,Organizacional,4,3,94.03,Evolución positiva
2020-11-22,2020-11,2020,47,Q4,Metodología,4,3,96.25,Evolución positiva
2020-11-22,2020-11,2020,47,Q4,Herramienta,7,5,82.76,Revisar plan
2020-11-29,2020-11,2020,48,Q4,Proceso,6,5,90.21,Evolución positiva
2020-11-29,2020-11,2020,48,Q4,Tecnología,3,2,87.4,Revisar plan
2020-11-29,2020-11,2020,48,Q4,Organizacional,2,1,99.05,Evolución positiva
2020-11-29,2020-11,2020,48,Q4,Metodología,5,3,75.6,Revisar plan
2020-11-29,2020-11,2020,48,Q4,Herramienta,2,1,86.95,Revisar plan
2020-12-06,2020-12,2020,49,Q4,Proceso,6,5,99.45,Evolución positiva
2020-12-06,2020-12,2020,49,Q4,Tecnología,2,1,78.8,Revisar plan
2020-12-06,2020-12,2020,49,Q4,Organizacional,5,4,85.91,Revisar plan
2020-12-06,2020-12,2020,49,Q4,Metodología,3,2,82.92,Revisar plan
2020-12-06,2020-12,2020,49,Q4,Herramienta,7,5,81.64,Revisar plan
2020-12-13,2020-12,2020,50,Q4,Proceso,7,5,78.59,Revisar plan
2020-12-13,2020-12,2020,50,Q4,Tecnología,4,3,75.26,Revisar plan
2020-12-13,2020-12,2020,50,Q4,Organizacional,6,4,79.82,Revisar plan
2020-12-13,2020-12,2020,50,Q4,Metodología,4,3,97.52,Evolución positiva
2020-12-13,2020-12,2020,50,Q4,Herramienta,7,5,83.03,Revisar plan
2020-12-20,2020-12,2020,51,Q4,Proceso,4,3,98.61,Evolución positiva
2020-12-20,2020-12,2020,51,Q4,Tecnología,2,1,97.85,Evolución positiva
2020-12-20,2020-12,2020,51,Q4,Organizacional,5,4,85.01,Revisar plan
2020-12-20,2020-12,2020,51,Q4,Metodología,5,4,81.56,Revisar plan
2020-12-20,2020-12,2020,51,Q4,Herramienta,4,3,76.34,Revisar plan
2020-12-27,2020-12,2020,52,Q4,Proceso,4,3,90.84,Evolución positiva
2020-12-27,2020-12,2020,52,Q4,Tecnología,6,5,93.83,Evolución positiva
2020-12-27,2020-12,2020,52,Q4,Organizacional,5,3,76.01,Revisar plan
2020-12-27,2020-12,2020,52,Q4,Metodología,4,3,95.72,Evolución positiva
2020-12-27,2020-12,2020,52,Q4,Herramienta,3,2,98.32,Evolución positiva
2021-01-03,2021-01,2021,53,Q1,Proceso,2,1,82.12,Revisar plan
2021-01-03,2021-01,2021,53,Q1,Tecnología,3,2,83.24,Revisar plan
2021-01-03,2021-01,2021,53,Q1,Organizacional,4,3,98.79,Evolución positiva
2021-01-03,2021-01,2021,53,Q1,Metodología,5,3,77.09,Revisar plan
2021-01-03,2021-01,2021,53,Q1,Herramienta,5,4,99.95,Evolución positiva
2021-01-10,2021-01,2021,1,Q1,Proceso,3,2,93.95,Evolución positiva
2021-01-10,2021-01,2021,1,Q1,Tecnología,6,5,93.45,Evolución positiva
2021-01-10,2021-01,2021,1,Q1,Organizacional,6,4,83.19,Revisar plan
2021-01-10,2021-01,2021,1,Q1,Metodología,6,4,76.36,Revisar plan
2021-01-10,2021-01,2021,1,Q1,Herramienta,5,4,85.53,Revisar plan
2021-01-17,2021-01,2021,2,Q1,Proceso,5,4,94.71,Evolución positiva
2021-01-17,2021-01,2021,2,Q1,Tecnología,6,5,88.41,Revisar plan
2021-01-17,2021-01,2021,2,Q1,Organizacional,6,5,94.35,Evolución positiva
2021-01-17,2021-01,2021,2,Q1,Metodología,7,5,78.73,Revisar plan
2021-01-17,2021-01,2021,2,Q1,Herramienta,5,3,78.05,Revisar plan
2021-01-24,2021-01,2021,3,Q1,Proceso,2,1,89.84,Revisar plan
2021-01-24,2021-01,2021,3,Q1,Tecnología,6,5,86.54,Revisar plan
2021-01-24,2021-01,2021,3,Q1,Organizacional,5,4,92.84,Evolución positiva
2021-01-24,2021-01,2021,3,Q1,Metodología,3,2,83.46,Revisar plan
2021-01-24,2021-01,2021,3,Q1,Herramienta,3,2,97.99,Evolución positiva
2021-01-31,2021-01,2021,4,Q1,Proceso,5,4,89.81,Revisar plan
2021-01-31,2021-01,2021,4,Q1,Tecnología,4,3,79.15,Revisar plan
2021-01-31,2021-01,2021,4,Q1,Organizacional,4,3,97.6,Evolución positiva
2021-01-31,2021-01,2021,4,Q1,Metodología,5,4,91.9,Evolución positiva
2021-01-31,2021-01,2021,4,Q1,Herramienta,5,4,80.89,Revisar plan
2021-02-07,2021-02,2021,5,Q1,Proceso,2,1,82.76,Revisar plan
2021-02-07,2021-02,2021,5,Q1,Tecnología,7,6,94.56,Evolución positiva
2021-02-07,2021-02,2021,5,Q1,Organizacional,6,4,81.77,Revisar plan
2021-02-07,2021-02,2021,5,Q1,Metodología,5,4,96.19,Evolución positiva
2021-02-07,2021-02,2021,5,Q1,Herramienta,7,5,83.75,Revisar plan
2021-02-14,2021-02,2021,6,Q1,Proceso,7,6,89.0,Revisar plan
2021-02-14,2021-02,2021,6,Q1,Tecnología,4,3,86.59,Revisar plan
2021-02-14,2021-02,2021,6,Q1,Organizacional,3,2,88.84,Revisar plan
2021-02-14,2021-02,2021,6,Q1,Metodología,4,3,83.64,Revisar plan
2021-02-14,2021-02,2021,6,Q1,Herramienta,6,5,91.24,Evolución positiva
2021-02-21,2021-02,2021,7,Q1,Proceso,5,4,83.52,Revisar plan
2021-02-21,2021-02,2021,7,Q1,Tecnología,7,5,85.58,Revisar plan
2021-02-21,2021-02,2021,7,Q1,Organizacional,6,4,77.52,Revisar plan
2021-02-21,2021-02,2021,7,Q1,Metodología,3,2,87.7,Revisar plan
2021-02-21,2021-02,2021,7,Q1,Herramienta,5,4,87.26,Revisar plan
2021-02-28,2021-02,2021,8,Q1,Proceso,7,6,97.46,Evolución positiva
2021-02-28,2021-02,2021,8,Q1,Tecnología,4,3,99.56,Evolución positiva
2021-02-28,2021-02,2021,8,Q1,Organizacional,2,1,84.29,Revisar plan
2021-02-28,2021-02,2021,8,Q1,Metodología,6,5,95.34,Evolución positiva
2021-02-28,2021-02,2021,8,Q1,Herramienta,2,1,87.17,Revisar plan
2021-03-07,2021-03,2021,9,Q1,Proceso,3,2,98.86,Evolución positiva
2021-03-07,2021-03,2021,9,Q1,Tecnología,7,5,77.42,Revisar plan
2021-03-07,2021-03,2021,9,Q1,Organizacional,5,3,78.0,Revisar plan
2021-03-07,2021-03,2021,9,Q1,Metodología,5,3,75.98,Revisar plan
2021-03-07,2021-03,2021,9,Q1,Herramienta,4,3,87.22,Revisar plan
2021-03-14,2021-03,2021,10,Q1,Proceso,2,1,95.58,Evolución positiva
2021-03-14,2021-03,2021,10,Q1,Tecnología,7,5,79.82,Revisar plan
2021-03-14,2021-03,2021,10,Q1,Organizacional,5,4,83.44,Revisar plan
2021-03-14,2021-03,2021,10,Q1,Metodología,4,3,94.39,Evolución positiva
2021-03-14,2021-03,2021,10,Q1,Herramienta,6,5,92.04,Evolución positiva
2021-03-21,2021-03,2021,11,Q1,Proceso,7,6,87.47,Revisar plan
2021-03-21,2021-03,2021,11,Q1,Tecnología,3,2,77.85,Revisar plan
2021-03-21,2021-03,2021,11,Q1,Organizacional,7,5,79.8,Revisar plan
2021-03-21,2021-03,2021,11,Q1,Metodología,6,5,92.7,Evolución positiva
2021-03-21,2021-03,2021,11,Q1,Herramienta,4,3,79.97,Revisar plan
2021-03-28,2021-03,2021,12,Q1,Proceso,2,1,90.23,Evolución positiva
2021-03-28,2021-03,2021,12,Q1,Tecnología,2,1,75.37,Revisar plan
2021-03-28,2021-03,2021,12,Q1,Organizacional,7,6,86.67,Revisar plan
2021-03-28,2021-03,2021,12,Q1,Metodología,4,3,95.06,Evolución positiva
2021-03-28,2021-03,2021,12,Q1,Herramienta,5,4,95.16,Evolución positiva
2021-04-04,2021-04,2021,13,Q2,Proceso,2,1,82.33,Revisar plan
2021-04-04,2021-04,2021,13,Q2,Tecnología,3,2,92.56,Evolución positiva
2021-04-04,2021-04,2021,13,Q2,Organizacional,3,2,88.39,Revisar plan
2021-04-04,2021-04,2021,13,Q2,Metodología,4,3,95.56,Evolución positiva
2021-04-04,2021-04,2021,13,Q2,Herramienta,6,5,86.09,Revisar plan
2021-04-11,2021-04,2021,14,Q2,Proceso,7,5,78.84,Revisar plan
2021-04-11,2021-04,2021,14,Q2,Tecnología,6,4,77.51,Revisar plan
2021-04-11,2021-04,2021,14,Q2,Organizacional,7,5,77.67,Revisar plan
2021-04-11,2021-04,2021,14,Q2,Metodología,3,2,84.09,Revisar plan
2021-04-11,2021-04,2021,14,Q2,Herramienta,7,6,96.16,Evolución positiva
2021-04-18,2021-04,2021,15,Q2,Proceso,6,4,81.64,Revisar plan
2021-04-18,2021-04,2021,15,Q2,Tecnología,6,5,93.48,Evolución positiva
2021-04-18,2021-04,2021,15,Q2,Organizacional,4,3,92.66,Evolución positiva
2021-04-18,2021-04,2021,15,Q2,Metodología,2,1,76.74,Revisar plan
2021-04-18,2021-04,2021,15,Q2,Herramienta,7,5,76.83,Revisar plan
2021-04-25,2021-04,2021,16,Q2,Proceso,5,4,87.41,Revisar plan
2021-04-25,2021-04,2021,16,Q2,Tecnología,3,2,86.65,Revisar plan
2021-04-25,2021-04,2021,16,Q2,Organizacional,4,3,90.7,Evolución positiva
2021-04-25,2021-04,2021,16,Q2,Metodología,4,3,79.53,Revisar plan
2021-04-25,2021-04,2021,16,Q2,Herramienta,4,3,91.3,Evolución positiva
2021-05-02,2021-05,2021,17,Q2,Proceso,5,4,94.89,Evolución positiva
2021-05-02,2021-05,2021,17,Q2,Tecnología,6,5,93.48,Evolución positiva
2021-05-02,2021-05,2021,17,Q2,Organizacional,2,1,85.47,Revisar plan
2021-05-02,2021-05,2021,17,Q2,Metodología,3,2,92.18,Evolución positiva
2021-05-02,2021-05,2021,17,Q2,Herramienta,2,1,90.0,Evolución positiva
2021-05-09,2021-05,2021,18,Q2,Proceso,5,4,90.92,Evolución positiva
2021-05-09,2021-05,2021,18,Q2,Tecnología,6,4,79.11,Revisar plan
2021-05-09,2021-05,2021,18,Q2,Organizacional,2,1,93.16,Evolución positiva
2021-05-09,2021-05,2021,18,Q2,Metodología,2,1,99.09,Evolución positiva
2021-05-09,2021-05,2021,18,Q2,Herramienta,4,3,85.22,Revisar plan
2021-05-16,2021-05,2021,19,Q2,Proceso,7,6,91.42,Evolución positiva
2021-05-16,2021-05,2021,19,Q2,Tecnología,2,1,99.86,Evolución positiva
2021-05-16,2021-05,2021,19,Q2,Organizacional,2,1,85.05,Revisar plan
2021-05-16,2021-05,2021,19,Q2,Metodología,6,4,79.98,Revisar plan
2021-05-16,2021-05,2021,19,Q2,Herramienta,5,4,96.73,Evolución positiva
2021-05-23,2021-05,2021,20,Q2,Proceso,5,4,91.02,Evolución positiva
2021-05-23,2021-05,2021,20,Q2,Tecnología,6,4,76.31,Revisar plan
2021-05-23,2021-05,2021,20,Q2,Organizacional,7,5,83.02,Revisar plan
2021-05-23,2021-05,2021,20,Q2,Metodología,3,2,81.44,Revisar plan
2021-05-23,2021-05,2021,20,Q2,Herramienta,4,3,95.47,Evolución positiva
2021-05-30,2021-05,2021,21,Q2,Proceso,6,5,93.95,Evolución positiva
2021-05-30,2021-05,2021,21,Q2,Tecnología,4,3,86.15,Revisar plan
2021-05-30,2021-05,2021,21,Q2,Organizacional,2,1,94.04,Evolución positiva
2021-05-30,2021-05,2021,21,Q2,Metodología,6,5,88.45,Revisar plan
2021-05-30,2021-05,2021,21,Q2,Herramienta,7,6,96.88,Evolución positiva
2021-06-06,2021-06,2021,22,Q2,Proceso,2,1,79.63,Revisar plan
2021-06-06,2021-06,2021,22,Q2,Tecnología,6,5,88.17,Revisar plan
2021-06-06,2021-06,2021,22,Q2,Organizacional,4,3,92.63,Evolución positiva
2021-06-06,2021-06,2021,22,Q2,Metodología,4,3,76.84,Revisar plan
2021-06-06,2021-06,2021,22,Q2,Herramienta,4,3,91.04,Evolución positiva
2021-06-13,2021-06,2021,23,Q2,Proceso,4,3,89.54,Revisar plan
2021-06-13,2021-06,2021,23,Q2,Tecnología,7,5,78.05,Revisar plan
2021-06-13,2021-06,2021,23,Q2,Organizacional,3,2,86.64,Revisar plan
2021-06-13,2021-06,2021,23,Q2,Metodología,6,4,76.4,Revisar plan
2021-06-13,2021-06,2021,23,Q2,Herramienta,7,5,85.27,Revisar plan
2021-06-20,2021-06,2021,24,Q2,Proceso,2,1,83.78,Revisar plan
2021-06-20,2021-06,2021,24,Q2,Tecnología,4,3,95.16,Evolución positiva
2021-06-20,2021-06,2021,24,Q2,Organizacional,7,6,89.79,Revisar plan
2021-06-20,2021-06,2021,24,Q2,Metodología,2,1,81.88,Revisar plan
2021-06-20,2021-06,2021,24,Q2,Herramienta,5,3,77.88,Revisar plan
2021-06-27,2021-06,2021,25,Q2,Proceso,5,3,77.6,Revisar plan
2021-06-27,2021-06,2021,25,Q2,Tecnología,4,3,96.12,Evolución positiva
2021-06-27,2021-06,2021,25,Q2,Organizacional,2,1,88.26,Revisar plan
2021-06-27,2021-06,2021,25,Q2,Metodología,6,5,89.29,Revisar plan
2021-06-27,2021-06,2021,25,Q2,Herramienta,4,3,91.21,Evolución positiva
2021-07-04,2021-07,2021,26,Q3,Proceso,3,2,82.21,Revisar plan
2021-07-04,2021-07,2021,26,Q3,Tecnología,2,1,93.7,Evolución positiva
2021-07-04,2021-07,2021,26,Q3,Organizacional,2,1,99.51,Evolución positiva
2021-07-04,2021-07,2021,26,Q3,Metodología,7,6,94.45,Evolución positiva
2021-07-04,2021-07,2021,26,Q3,Herramienta,5,3,75.06,Revisar plan
2021-07-11,2021-07,2021,27,Q3,Proceso,2,1,83.76,Revisar plan
2021-07-11,2021-07,2021,27,Q3,Tecnología,6,5,88.26,Revisar plan
2021-07-11,2021-07,2021,27,Q3,Organizacional,5,4,84.15,Revisar plan
2021-07-11,2021-07,2021,27,Q3,Metodología,3,2,87.64,Revisar plan
2021-07-11,2021-07,2021,27,Q3,Herramienta,5,4,84.77,Revisar plan
2021-07-18,2021-07,2021,28,Q3,Proceso,2,1,88.3,Revisar plan
2021-07-18,2021-07,2021,28,Q3,Tecnología,7,6,89.38,Revisar plan
2021-07-18,2021-07,2021,28,Q3,Organizacional,5,4,98.43,Evolución positiva
2021-07-18,2021-07,2021,28,Q3,Metodología,3,2,78.0,Revisar plan
2021-07-18,2021-07,2021,28,Q3,Herramienta,3,2,99.75,Evolución positiva
2021-07-25,2021-07,2021,29,Q3,Proceso,7,5,85.37,Revisar plan
2021-07-25,2021-07,2021,29,Q3,Tecnología,7,6,89.78,Revisar plan
2021-07-25,2021-07,2021,29,Q3,Organizacional,3,2,93.21,Evolución positiva
2021-07-25,2021-07,2021,29,Q3,Metodología,7,6,89.73,Revisar plan
2021-07-25,2021-07,2021,29,Q3,Herramienta,3,2,88.9,Revisar plan
2021-08-01,2021-08,2021,30,Q3,Proceso,3,2,75.14,Revisar plan
2021-08-01,2021-08,2021,30,Q3,Tecnología,4,3,77.94,Revisar plan
2021-08-01,2021-08,2021,30,Q3,Organizacional,5,4,88.21,Revisar plan
2021-08-01,2021-08,2021,30,Q3,Metodología,5,4,84.77,Revisar plan
2021-08-01,2021-08,2021,30,Q3,Herramienta,3,2,94.59,Evolución positiva
2021-08-08,2021-08,2021,31,Q3,Proceso,3,2,84.4,Revisar plan
2021-08-08,2021-08,2021,31,Q3,Tecnología,7,6,95.9,Evolución positiva
2021-08-08,2021-08,2021,31,Q3,Organizacional,7,5,82.8,Revisar plan
2021-08-08,2021-08,2021,31,Q3,Metodología,7,6,93.21,Evolución positiva
2021-08-08,2021-08,2021,31,Q3,Herramienta,2,1,81.05,Revisar plan
2021-08-15,2021-08,2021,32,Q3,Proceso,6,4,82.92,Revisar plan
2021-08-15,2021-08,2021,32,Q3,Tecnología,2,1,77.92,Revisar plan
2021-08-15,2021-08,2021,32,Q3,Organizacional,5,4,81.99,Revisar plan
2021-08-15,2021-08,2021,32,Q3,Metodología,6,5,97.7,Evolución positiva
2021-08-15,2021-08,2021,32,Q3,Herramienta,6,4,80.5,Revisar plan
2021-08-22,2021-08,2021,33,Q3,Proceso,4,3,86.97,Revisar plan
2021-08-22,2021-08,2021,33,Q3,Tecnología,7,5,79.8,Revisar plan
2021-08-22,2021-08,2021,33,Q3,Organizacional,4,3,99.67,Evolución positiva
2021-08-22,2021-08,2021,33,Q3,Metodología,7,6,94.6,Evolución positiva
2021-08-22,2021-08,2021,33,Q3,Herramienta,2,1,86.05,Revisar plan
2021-08-29,2021-08,2021,34,Q3,Proceso,2,1,99.8,Evolución positiva
2021-08-29,2021-08,2021,34,Q3,Tecnología,3,2,95.44,Evolución positiva
2021-08-29,2021-08,2021,34,Q3,Organizacional,3,2,99.23,Evolución positiva
2021-08-29,2021-08,2021,34,Q3,Metodología,4,3,88.31,Revisar plan
2021-08-29,2021-08,2021,34,Q3,Herramienta,2,1,92.04,Evolución positiva
2021-09-05,2021-09,2021,35,Q3,Proceso,3,2,82.48,Revisar plan
2021-09-05,2021-09,2021,35,Q3,Tecnología,5,3,77.83,Revisar plan
2021-09-05,2021-09,2021,35,Q3,Organizacional,4,3,86.49,Revisar plan
2021-09-05,2021-09,2021,35,Q3,Metodología,7,6,96.59,Evolución positiva
2021-09-05,2021-09,2021,35,Q3,Herramienta,2,1,99.52,Evolución positiva
2021-09-12,2021-09,2021,36,Q3,Proceso,2,1,89.03,Revisar plan
2021-09-12,2021-09,2021,36,Q3,Tecnología,4,3,85.34,Revisar plan
2021-09-12,2021-09,2021,36,Q3,Organizacional,6,5,91.8,Evolución positiva
2021-09-12,2021-09,2021,36,Q3,Metodología,3,2,98.93,Evolución positiva
2021-09-12,2021-09,2021,36,Q3,Herramienta,3,2,95.81,Evolución positiva
2021-09-19,2021-09,2021,37,Q3,Proceso,7,5,84.91,Revisar plan
2021-09-19,2021-09,2021,37,Q3,Tecnología,3,2,99.37,Evolución positiva
2021-09-19,2021-09,2021,37,Q3,Organizacional,6,5,93.99,Evolución positiva
2021-09-19,2021-09,2021,37,Q3,Metodología,4,3,84.0,Revisar plan
2021-09-19,2021-09,2021,37,Q3,Herramienta,7,6,99.5,Evolución positiva
2021-09-26,2021-09,2021,38,Q3,Proceso,6,4,79.34,Revisar plan
2021-09-26,2021-09,2021,38,Q3,Tecnología,4,3,87.69,Revisar plan
2021-09-26,2021-09,2021,38,Q3,Organizacional,2,1,83.25,Revisar plan
2021-09-26,2021-09,2021,38,Q3,Metodología,4,3,84.51,Revisar plan
2021-09-26,2021-09,2021,38,Q3,Herramienta,7,5,83.43,Revisar plan
2021-10-03,2021-10,2021,39,Q4,Proceso,2,1,78.09,Revisar plan
2021-10-03,2021-10,2021,39,Q4,Tecnología,4,3,87.75,Revisar plan
2021-10-03,2021-10,2021,39,Q4,Organizacional,5,4,87.62,Revisar plan
2021-10-03,2021-10,2021,39,Q4,Metodología,4,3,94.25,Evolución positiva
2021-10-03,2021-10,2021,39,Q4,Herramienta,2,1,86.92,Revisar plan
2021-10-10,2021-10,2021,40,Q4,Proceso,4,3,79.73,Revisar plan
2021-10-10,2021-10,2021,40,Q4,Tecnología,4,3,80.76,Revisar plan
2021-10-10,2021-10,2021,40,Q4,Organizacional,2,1,82.49,Revisar plan
2021-10-10,2021-10,2021,40,Q4,Metodología,2,1,78.02,Revisar plan
2021-10-10,2021-10,2021,40,Q4,Herramienta,7,6,98.91,Evolución positiva
2021-10-17,2021-10,2021,41,Q4,Proceso,5,4,94.96,Evolución positiva
2021-10-17,2021-10,2021,41,Q4,Tecnología,4,3,89.8,Revisar plan
2021-10-17,2021-10,2021,41,Q4,Organizacional,4,3,90.15,Evolución positiva
2021-10-17,2021-10,2021,41,Q4,Metodología,3,2,83.41,Revisar plan
2021-10-17,2021-10,2021,41,Q4,Herramienta,7,6,89.06,Revisar plan
2021-10-24,2021-10,2021,42,Q4,Proceso,2,1,96.04,Evolución positiva
2021-10-24,2021-10,2021,42,Q4,Tecnología,2,1,79.62,Revisar plan
2021-10-24,2021-10,2021,42,Q4,Organizacional,7,5,78.24,Revisar plan
2021-10-24,2021-10,2021,42,Q4,Metodología,4,3,90.86,Evolución positiva
2021-10-24,2021-10,2021,42,Q4,Herramienta,5,3,75.03,Revisar plan
2021-10-31,2021-10,2021,43,Q4,Proceso,5,4,80.62,Revisar plan
2021-10-31,2021-10,2021,43,Q4,Tecnología,5,4,83.24,Revisar plan
2021-10-31,2021-10,2021,43,Q4,Organizacional,2,1,81.71,Revisar plan
2021-10-31,2021-10,2021,43,Q4,Metodología,3,2,82.27,Revisar plan
2021-10-31,2021-10,2021,43,Q4,Herramienta,7,5,82.07,Revisar plan
2021-11-07,2021-11,2021,44,Q4,Proceso,7,6,89.71,Revisar plan
2021-11-07,2021-11,2021,44,Q4,Tecnología,3,2,91.01,Evolución positiva
2021-11-07,2021-11,2021,44,Q4,Organizacional,7,5,76.05,Revisar plan
2021-11-07,2021-11,2021,44,Q4,Metodología,7,6,97.12,Evolución positiva
2021-11-07,2021-11,2021,44,Q4,Herramienta,4,3,91.65,Evolución positiva
2021-11-14,2021-11,2021,45,Q4,Proceso,4,3,96.04,Evolución positiva
2021-11-14,2021-11,2021,45,Q4,Tecnología,4,3,95.31,Evolución positiva
2021-11-14,2021-11,2021,45,Q4,Organizacional,4,3,82.98,Revisar plan
2021-11-14,2021-11,2021,45,Q4,Metodología,2,1,89.61,Revisar plan
2021-11-14,2021-11,2021,45,Q4,Herramienta,6,4,80.22,Revisar plan
2021-11-21,2021-11,2021,46,Q4,Proceso,2,1,85.42,Revisar plan
2021-11-21,2021-11,2021,46,Q4,Tecnología,4,3,84.91,Revisar plan
2021-11-21,2021-11,2021,46,Q4,Organizacional,2,1,95.17,Evolución positiva
2021-11-21,2021-11,2021,46,Q4,Metodología,7,6,94.83,Evolución positiva
2021-11-21,2021-11,2021,46,Q4,Herramienta,4,3,94.36,Evolución positiva
2021-11-28,2021-11,2021,47,Q4,Proceso,5,3,77.85,Revisar plan
2021-11-28,2021-11,2021,47,Q4,Tecnología,7,6,87.5,Revisar plan
2021-11-28,2021-11,2021,47,Q4,Organizacional,6,5,90.61,Evolución positiva
2021-11-28,2021-11,2021,47,Q4,Metodología,4,3,92.41,Evolución positiva
2021-11-28,2021-11,2021,47,Q4,Herramienta,5,4,96.53,Evolución positiva
2021-12-05,2021-12,2021,48,Q4,Proceso,7,6,96.39,Evolución positiva
2021-12-05,2021-12,2021,48,Q4,Tecnología,7,6,98.36,Evolución positiva
2021-12-05,2021-12,2021,48,Q4,Organizacional,7,5,76.15,Revisar plan
2021-12-05,2021-12,2021,48,Q4,Metodología,3,2,87.91,Revisar plan
2021-12-05,2021-12,2021,48,Q4,Herramienta,2,1,92.34,Evolución positiva
2021-12-12,2021-12,2021,49,Q4,Proceso,2,1,83.97,Revisar plan
2021-12-12,2021-12,2021,49,Q4,Tecnología,2,1,85.45,Revisar plan
2021-12-12,2021-12,2021,49,Q4,Organizacional,5,4,94.46,Evolución positiva
2021-12-12,2021-12,2021,49,Q4,Metodología,6,5,87.11,Revisar plan
2021-12-12,2021-12,2021,49,Q4,Herramienta,5,4,84.86,Revisar plan
2021-12-19,2021-12,2021,50,Q4,Proceso,6,5,83.84,Revisar plan
2021-12-19,2021-12,2021,50,Q4,Tecnología,6,5,88.39,Revisar plan
2021-12-19,2021-12,2021,50,Q4,Organizacional,4,3,93.68,Evolución positiva
2021-12-19,2021-12,2021,50,Q4,Metodología,7,6,87.95,Revisar plan
2021-12-19,2021-12,2021,50,Q4,Herramienta,7,5,79.03,Revisar plan
2021-12-26,2021-12,2021,51,Q4,Proceso,3,2,84.18,Revisar plan
2021-12-26,2021-12,2021,51,Q4,Tecnología,5,4,97.31,Evolución positiva
2021-12-26,2021-12,2021,51,Q4,Organizacional,5,4,85.42,Revisar plan
2021-12-26,2021-12,2021,51,Q4,Metodología,6,5,98.36,Evolución positiva
2021-12-26,2021-12,2021,51,Q4,Herramienta,5,4,99.27,Evolución positiva
2022-01-02,2022-01,2022,52,Q1,Proceso,6,4,81.68,Revisar plan
2022-01-02,2022-01,2022,52,Q1,Tecnología,7,6,98.96,Evolución positiva
2022-01-02,2022-01,2022,52,Q1,Organizacional,2,1,99.31,Evolución positiva
2022-01-02,2022-01,2022,52,Q1,Metodología,2,1,88.82,Revisar plan
2022-01-02,2022-01,2022,52,Q1,Herramienta,6,5,89.46,Revisar plan
2022-01-09,2022-01,2022,1,Q1,Proceso,5,3,76.15,Revisar plan
2022-01-09,2022-01,2022,1,Q1,Tecnología,5,4,98.62,Evolución positiva
2022-01-09,2022-01,2022,1,Q1,Organizacional,2,1,89.54,Revisar plan
2022-01-09,2022-01,2022,1,Q1,Metodología,4,3,79.23,Revisar plan
2022-01-09,2022-01,2022,1,Q1,Herramienta,4,3,91.78,Evolución positiva
2022-01-16,2022-01,2022,2,Q1,Proceso,4,3,76.76,Revisar plan
2022-01-16,2022-01,2022,2,Q1,Tecnología,5,3,76.19,Revisar plan
2022-01-16,2022-01,2022,2,Q1,Organizacional,4,3,77.09,Revisar plan
2022-01-16,2022-01,2022,2,Q1,Metodología,6,5,97.06,Evolución positiva
2022-01-16,2022-01,2022,2,Q1,Herramienta,2,1,75.61,Revisar plan
2022-01-23,2022-01,2022,3,Q1,Proceso,4,3,97.35,Evolución positiva
2022-01-23,2022-01,2022,3,Q1,Tecnología,5,3,75.8,Revisar plan
2022-01-23,2022-01,2022,3,Q1,Organizacional,7,5,81.11,Revisar plan
2022-01-23,2022-01,2022,3,Q1,Metodología,2,1,84.99,Revisar plan
2022-01-23,2022-01,2022,3,Q1,Herramienta,7,5,82.9,Revisar plan
2022-01-30,2022-01,2022,4,Q1,Proceso,6,5,87.35,Revisar plan
2022-01-30,2022-01,2022,4,Q1,Tecnología,3,2,84.88,Revisar plan
2022-01-30,2022-01,2022,4,Q1,Organizacional,3,2,99.24,Evolución positiva
2022-01-30,2022-01,2022,4,Q1,Metodología,4,3,82.01,Revisar plan
2022-01-30,2022-01,2022,4,Q1,Herramienta,6,4,77.07,Revisar plan
2022-02-06,2022-02,2022,5,Q1,Proceso,4,3,88.44,Revisar plan
2022-02-06,2022-02,2022,5,Q1,Tecnología,7,5,80.74,Revisar plan
2022-02-06,2022-02,2022,5,Q1,Organizacional,6,4,82.07,Revisar plan
2022-02-06,2022-02,2022,5,Q1,Metodología,3,2,94.3,Evolución positiva
2022-02-06,2022-02,2022,5,Q1,Herramienta,7,5,80.06,Revisar plan
2022-02-13,2022-02,2022,6,Q1,Proceso,3,2,75.88,Revisar plan
2022-02-13,2022-02,2022,6,Q1,Tecnología,7,5,75.5,Revisar plan
2022-02-13,2022-02,2022,6,Q1,Organizacional,4,3,77.32,Revisar plan
2022-02-13,2022-02,2022,6,Q1,Metodología,2,1,76.88,Revisar plan
2022-02-13,2022-02,2022,6,Q1,Herramienta,3,2,98.72,Evolución positiva
2022-02-20,2022-02,2022,7,Q1,Proceso,7,5,82.3,Revisar plan
2022-02-20,2022-02,2022,7,Q1,Tecnología,6,4,76.25,Revisar plan
2022-02-20,2022-02,2022,7,Q1,Organizacional,7,6,87.2,Revisar plan
2022-02-20,2022-02,2022,7,Q1,Metodología,2,1,76.21,Revisar plan
2022-02-20,2022-02,2022,7,Q1,Herramienta,4,3,79.37,Revisar plan
2022-02-27,2022-02,2022,8,Q1,Proceso,3,2,77.27,Revisar plan
2022-02-27,2022-02,2022,8,Q1,Tecnología,6,5,99.65,Evolución positiva
2022-02-27,2022-02,2022,8,Q1,Organizacional,7,5,81.58,Revisar plan
2022-02-27,2022-02,2022,8,Q1,Metodología,5,4,89.19,Revisar plan
2022-02-27,2022-02,2022,8,Q1,Herramienta,2,1,75.9,Revisar plan
2022-03-06,2022-03,2022,9,Q1,Proceso,6,5,97.17,Evolución positiva
2022-03-06,2022-03,2022,9,Q1,Tecnología,3,2,75.38,Revisar plan
2022-03-06,2022-03,2022,9,Q1,Organizacional,5,4,81.02,Revisar plan
2022-03-06,2022-03,2022,9,Q1,Metodología,6,5,92.73,Evolución positiva
2022-03-06,2022-03,2022,9,Q1,Herramienta,2,1,90.56,Evolución positiva
2022-03-13,2022-03,2022,10,Q1,Proceso,6,5,92.24,Evolución positiva
2022-03-13,2022-03,2022,10,Q1,Tecnología,5,4,97.88,Evolución positiva
2022-03-13,2022-03,2022,10,Q1,Organizacional,3,2,87.38,Revisar plan
2022-03-13,2022-03,2022,10,Q1,Metodología,6,5,87.36,Revisar plan
2022-03-13,2022-03,2022,10,Q1,Herramienta,4,3,93.34,Evolución positiva
2022-03-20,2022-03,2022,11,Q1,Proceso,6,5,97.59,Evolución positiva
2022-03-20,2022-03,2022,11,Q1,Tecnología,3,2,77.49,Revisar plan
2022-03-20,2022-03,2022,11,Q1,Organizacional,6,4,76.96,Revisar plan
2022-03-20,2022-03,2022,11,Q1,Metodología,7,5,78.79,Revisar plan
2022-03-20,2022-03,2022,11,Q1,Herramienta,2,1,88.87,Revisar plan
2022-03-27,2022-03,2022,12,Q1,Proceso,4,3,82.66,Revisar plan
2022-03-27,2022-03,2022,12,Q1,Tecnología,6,5,85.88,Revisar plan
2022-03-27,2022-03,2022,12,Q1,Organizacional,7,5,77.73,Revisar plan
2022-03-27,2022-03,2022,12,Q1,Metodología,2,1,80.36,Revisar plan
2022-03-27,2022-03,2022,12,Q1,Herramienta,3,2,91.75,Evolución positiva
2022-04-03,2022-04,2022,13,Q2,Proceso,5,4,99.64,Evolución positiva
2022-04-03,2022-04,2022,13,Q2,Tecnología,6,4,77.99,Revisar plan
2022-04-03,2022-04,2022,13,Q2,Organizacional,2,1,83.12,Revisar plan
2022-04-03,2022-04,2022,13,Q2,Metodología,7,6,86.01,Revisar plan
2022-04-03,2022-04,2022,13,Q2,Herramienta,3,2,80.88,Revisar plan
2022-04-10,2022-04,2022,14,Q2,Proceso,7,6,93.74,Evolución positiva
2022-04-10,2022-04,2022,14,Q2,Tecnología,5,4,94.76,Evolución positiva
2022-04-10,2022-04,2022,14,Q2,Organizacional,4,3,76.58,Revisar plan
2022-04-10,2022-04,2022,14,Q2,Metodología,2,1,87.31,Revisar plan
2022-04-10,2022-04,2022,14,Q2,Herramienta,5,3,79.76,Revisar plan
2022-04-17,2022-04,2022,15,Q2,Proceso,7,6,98.68,Evolución positiva
2022-04-17,2022-04,2022,15,Q2,Tecnología,5,4,81.12,Revisar plan
2022-04-17,2022-04,2022,15,Q2,Organizacional,3,2,93.93,Evolución positiva
2022-04-17,2022-04,2022,15,Q2,Metodología,6,4,78.96,Revisar plan
2022-04-17,2022-04,2022,15,Q2,Herramienta,5,3,79.3,Revisar plan
2022-04-24,2022-04,2022,16,Q2,Proceso,4,3,94.04,Evolución positiva
2022-04-24,2022-04,2022,16,Q2,Tecnología,2,1,93.14,Evolución positiva
2022-04-24,2022-04,2022,16,Q2,Organizacional,6,4,76.18,Revisar plan
2022-04-24,2022-04,2022,16,Q2,Metodología,7,6,93.29,Evolución positiva
2022-04-24,2022-04,2022,16,Q2,Herramienta,7,6,91.93,Evolución positiva
2022-05-01,2022-05,2022,17,Q2,Proceso,2,1,77.88,Revisar plan
2022-05-01,2022-05,2022,17,Q2,Tecnología,5,3,78.81,Revisar plan
2022-05-01,2022-05,2022,17,Q2,Organizacional,2,1,77.0,Revisar plan
2022-05-01,2022-05,2022,17,Q2,Metodología,4,3,80.91,Revisar plan
2022-05-01,2022-05,2022,17,Q2,Herramienta,3,2,79.94,Revisar plan
2022-05-08,2022-05,2022,18,Q2,Proceso,6,4,78.76,Revisar plan
2022-05-08,2022-05,2022,18,Q2,Tecnología,3,2,94.91,Evolución positiva
2022-05-08,2022-05,2022,18,Q2,Organizacional,5,4,97.6,Evolución positiva
2022-05-08,2022-05,2022,18,Q2,Metodología,6,4,81.08,Revisar plan
2022-05-08,2022-05,2022,18,Q2,Herramienta,6,5,88.14,Revisar plan
2022-05-15,2022-05,2022,19,Q2,Proceso,6,5,96.32,Evolución positiva
2022-05-15,2022-05,2022,19,Q2,Tecnología,4,3,89.01,Revisar plan
2022-05-15,2022-05,2022,19,Q2,Organizacional,2,1,83.77,Revisar plan
2022-05-15,2022-05,2022,19,Q2,Metodología,2,1,92.28,Evolución positiva
2022-05-15,2022-05,2022,19,Q2,Herramienta,6,5,93.36,Evolución positiva
2022-05-22,2022-05,2022,20,Q2,Proceso,4,3,93.75,Evolución positiva
2022-05-22,2022-05,2022,20,Q2,Tecnología,4,3,77.85,Revisar plan
2022-05-22,2022-05,2022,20,Q2,Organizacional,3,2,90.58,Evolución positiva
2022-05-22,2022-05,2022,20,Q2,Metodología,5,3,77.05,Revisar plan
2022-05-22,2022-05,2022,20,Q2,Herramienta,3,2,81.37,Revisar plan
2022-05-29,2022-05,2022,21,Q2,Proceso,3,2,82.19,Revisar plan
2022-05-29,2022-05,2022,21,Q2,Tecnología,7,5,83.45,Revisar plan
2022-05-29,2022-05,2022,21,Q2,Organizacional,5,4,80.1,Revisar plan
2022-05-29,2022-05,2022,21,Q2,Metodología,2,1,97.16,Evolución positiva
2022-05-29,2022-05,2022,21,Q2,Herramienta,5,3,76.57,Revisar plan
2022-06-05,2022-06,2022,22,Q2,Proceso,6,5,89.7,Revisar plan
2022-06-05,2022-06,2022,22,Q2,Tecnología,3,2,81.66,Revisar plan
2022-06-05,2022-06,2022,22,Q2,Organizacional,2,1,85.05,Revisar plan
2022-06-05,2022-06,2022,22,Q2,Metodología,6,4,79.17,Revisar plan
2022-06-05,2022-06,2022,22,Q2,Herramienta,4,3,91.82,Evolución positiva
2022-06-12,2022-06,2022,23,Q2,Proceso,5,4,97.23,Evolución positiva
2022-06-12,2022-06,2022,23,Q2,Tecnología,3,2,80.57,Revisar plan
2022-06-12,2022-06,2022,23,Q2,Organizacional,7,5,85.42,Revisar plan
2022-06-12,2022-06,2022,23,Q2,Metodología,7,6,95.47,Evolución positiva
2022-06-12,2022-06,2022,23,Q2,Herramienta,5,4,99.7,Evolución positiva
2022-06-19,2022-06,2022,24,Q2,Proceso,5,3,78.46,Revisar plan
2022-06-19,2022-06,2022,24,Q2,Tecnología,4,3,98.93,Evolución positiva
2022-06-19,2022-06,2022,24,Q2,Organizacional,2,1,96.31,Evolución positiva
2022-06-19,2022-06,2022,24,Q2,Metodología,2,1,90.84,Evolución positiva
2022-06-19,2022-06,2022,24,Q2,Herramienta,7,5,80.88,Revisar plan
2022-06-26,2022-06,2022,25,Q2,Proceso,6,5,96.81,Evolución positiva
2022-06-26,2022-06,2022,25,Q2,Tecnología,4,3,79.79,Revisar plan
2022-06-26,2022-06,2022,25,Q2,Organizacional,6,5,87.04,Revisar plan
2022-06-26,2022-06,2022,25,Q2,Metodología,4,3,93.34,Evolución positiva
2022-06-26,2022-06,2022,25,Q2,Herramienta,7,5,75.49,Revisar plan
2022-07-03,2022-07,2022,26,Q3,Proceso,2,1,80.42,Revisar plan
2022-07-03,2022-07,2022,26,Q3,Tecnología,3,2,92.58,Evolución positiva
2022-07-03,2022-07,2022,26,Q3,Organizacional,5,4,99.4,Evolución positiva
2022-07-03,2022-07,2022,26,Q3,Metodología,3,2,75.47,Revisar plan
2022-07-03,2022-07,2022,26,Q3,Herramienta,2,1,98.41,Evolución positiva
2022-07-10,2022-07,2022,27,Q3,Proceso,2,1,76.45,Revisar plan
2022-07-10,2022-07,2022,27,Q3,Tecnología,4,3,81.63,Revisar plan
2022-07-10,2022-07,2022,27,Q3,Organizacional,2,1,79.82,Revisar plan
2022-07-10,2022-07,2022,27,Q3,Metodología,2,1,76.57,Revisar plan
2022-07-10,2022-07,2022,27,Q3,Herramienta,6,4,77.68,Revisar plan
2022-07-17,2022-07,2022,28,Q3,Proceso,4,3,79.3,Revisar plan
2022-07-17,2022-07,2022,28,Q3,Tecnología,7,5,76.22,Revisar plan
2022-07-17,2022-07,2022,28,Q3,Organizacional,2,1,96.19,Evolución positiva
2022-07-17,2022-07,2022,28,Q3,Metodología,5,4,87.48,Revisar plan
2022-07-17,2022-07,2022,28,Q3,Herramienta,4,3,90.72,Evolución positiva
2022-07-24,2022-07,2022,29,Q3,Proceso,3,2,99.93,Evolución positiva
2022-07-24,2022-07,2022,29,Q3,Tecnología,5,4,87.34,Revisar plan
2022-07-24,2022-07,2022,29,Q3,Organizacional,2,1,83.56,Revisar plan
2022-07-24,2022-07,2022,29,Q3,Metodología,2,1,94.14,Evolución positiva
2022-07-24,2022-07,2022,29,Q3,Herramienta,6,5,98.84,Evolución positiva
2022-07-31,2022-07,2022,30,Q3,Proceso,3,2,99.59,Evolución positiva
2022-07-31,2022-07,2022,30,Q3,Tecnología,6,5,89.31,Revisar plan
2022-07-31,2022-07,2022,30,Q3,Organizacional,6,5,95.49,Evolución positiva
2022-07-31,2022-07,2022,30,Q3,Metodología,7,5,81.07,Revisar plan
2022-07-31,2022-07,2022,30,Q3,Herramienta,2,1,91.87,Evolución positiva
2022-08-07,2022-08,2022,31,Q3,Proceso,4,3,95.69,Evolución positiva
2022-08-07,2022-08,2022,31,Q3,Tecnología,2,1,88.72,Revisar plan
2022-08-07,2022-08,2022,31,Q3,Organizacional,6,4,82.6,Revisar plan
2022-08-07,2022-08,2022,31,Q3,Metodología,3,2,99.58,Evolución positiva
2022-08-07,2022-08,2022,31,Q3,Herramienta,3,2,90.56,Evolución positiva
2022-08-14,2022-08,2022,32,Q3,Proceso,2,1,77.28,Revisar plan
2022-08-14,2022-08,2022,32,Q3,Tecnología,2,1,77.44,Revisar plan
2022-08-14,2022-08,2022,32,Q3,Organizacional,2,1,84.94,Revisar plan
2022-08-14,2022-08,2022,32,Q3,Metodología,7,6,98.79,Evolución positiva
2022-08-14,2022-08,2022,32,Q3,Herramienta,4,3,89.51,Revisar plan
2022-08-21,2022-08,2022,33,Q3,Proceso,6,5,98.86,Evolución positiva
2022-08-21,2022-08,2022,33,Q3,Tecnología,3,2,93.16,Evolución positiva
2022-08-21,2022-08,2022,33,Q3,Organizacional,7,6,98.18,Evolución positiva
2022-08-21,2022-08,2022,33,Q3,Metodología,7,5,77.11,Revisar plan
2022-08-21,2022-08,2022,33,Q3,Herramienta,5,4,82.65,Revisar plan
2022-08-28,2022-08,2022,34,Q3,Proceso,6,5,91.79,Evolución positiva
2022-08-28,2022-08,2022,34,Q3,Tecnología,7,5,82.13,Revisar plan
2022-08-28,2022-08,2022,34,Q3,Organizacional,6,5,90.23,Evolución positiva
2022-08-28,2022-08,2022,34,Q3,Metodología,4,3,93.17,Evolución positiva
2022-08-28,2022-08,2022,34,Q3,Herramienta,7,6,99.06,Evolución positiva
2022-09-04,2022-09,2022,35,Q3,Proceso,2,1,78.4,Revisar plan
2022-09-04,2022-09,2022,35,Q3,Tecnología,3,2,80.62,Revisar plan
2022-09-04,2022-09,2022,35,Q3,Organizacional,6,5,95.72,Evolución positiva
2022-09-04,2022-09,2022,35,Q3,Metodología,6,4,81.41,Revisar plan
2022-09-04,2022-09,2022,35,Q3,Herramienta,4,3,78.47,Revisar plan
2022-09-11,2022-09,2022,36,Q3,Proceso,5,4,87.05,Revisar plan
2022-09-11,2022-09,2022,36,Q3,Tecnología,4,3,82.35,Revisar plan
2022-09-11,2022-09,2022,36,Q3,Organizacional,6,4,80.8,Revisar plan
2022-09-11,2022-09,2022,36,Q3,Metodología,5,4,95.14,Evolución positiva
2022-09-11,2022-09,2022,36,Q3,Herramienta,4,3,98.34,Evolución positiva
2022-09-18,2022-09,2022,37,Q3,Proceso,5,4,97.19,Evolución positiva
2022-09-18,2022-09,2022,37,Q3,Tecnología,7,6,88.95,Revisar plan
2022-09-18,2022-09,2022,37,Q3,Organizacional,7,6,94.06,Evolución positiva
2022-09-18,2022-09,2022,37,Q3,Metodología,6,5,98.33,Evolución positiva
2022-09-18,2022-09,2022,37,Q3,Herramienta,2,1,92.41,Evolución positiva
2022-09-25,2022-09,2022,38,Q3,Proceso,4,3,95.76,Evolución positiva
2022-09-25,2022-09,2022,38,Q3,Tecnología,6,5,95.01,Evolución positiva
2022-09-25,2022-09,2022,38,Q3,Organizacional,2,1,78.85,Revisar plan
2022-09-25,2022-09,2022,38,Q3,Metodología,6,5,89.8,Revisar plan
2022-09-25,2022-09,2022,38,Q3,Herramienta,7,6,96.77,Evolución positiva
2022-10-02,2022-10,2022,39,Q4,Proceso,7,6,91.91,Evolución positiva
2022-10-02,2022-10,2022,39,Q4,Tecnología,5,4,90.7,Evolución positiva
2022-10-02,2022-10,2022,39,Q4,Organizacional,7,5,81.36,Revisar plan
2022-10-02,2022-10,2022,39,Q4,Metodología,3,2,89.87,Revisar plan
2022-10-02,2022-10,2022,39,Q4,Herramienta,7,6,96.96,Evolución positiva
2022-10-09,2022-10,2022,40,Q4,Proceso,3,2,89.6,Revisar plan
2022-10-09,2022-10,2022,40,Q4,Tecnología,7,6,85.97,Revisar plan
2022-10-09,2022-10,2022,40,Q4,Organizacional,7,6,90.42,Evolución positiva
2022-10-09,2022-10,2022,40,Q4,Metodología,3,2,97.7,Evolución positiva
2022-10-09,2022-10,2022,40,Q4,Herramienta,2,1,95.16,Evolución positiva
2022-10-16,2022-10,2022,41,Q4,Proceso,4,3,86.52,Revisar plan
2022-10-16,2022-10,2022,41,Q4,Tecnología,5,3,79.06,Revisar plan
2022-10-16,2022-10,2022,41,Q4,Organizacional,4,3,83.4,Revisar plan
2022-10-16,2022-10,2022,41,Q4,Metodología,6,4,78.72,Revisar plan
2022-10-16,2022-10,2022,41,Q4,Herramienta,5,4,88.59,Revisar plan
2022-10-23,2022-10,2022,42,Q4,Proceso,4,3,94.87,Evolución positiva
2022-10-23,2022-10,2022,42,Q4,Tecnología,7,6,91.14,Evolución positiva
2022-10-23,2022-10,2022,42,Q4,Organizacional,4,3,96.52,Evolución positiva
2022-10-23,2022-10,2022,42,Q4,Metodología,3,2,79.55,Revisar plan
2022-10-23,2022-10,2022,42,Q4,Herramienta,5,4,90.74,Evolución positiva
2022-10-30,2022-10,2022,43,Q4,Proceso,7,6,89.53,Revisar plan
2022-10-30,2022-10,2022,43,Q4,Tecnología,3,2,94.9,Evolución positiva
2022-10-30,2022-10,2022,43,Q4,Organizacional,6,5,93.51,Evolución positiva
2022-10-30,2022-10,2022,43,Q4,Metodología,6,5,85.52,Revisar plan
2022-10-30,2022-10,2022,43,Q4,Herramienta,5,3,78.6,Revisar plan
2022-11-06,2022-11,2022,44,Q4,Proceso,4,3,84.63,Revisar plan
2022-11-06,2022-11,2022,44,Q4,Tecnología,6,5,83.46,Revisar plan
2022-11-06,2022-11,2022,44,Q4,Organizacional,4,3,99.9,Evolución positiva
2022-11-06,2022-11,2022,44,Q4,Metodología,6,5,97.18,Evolución positiva
2022-11-06,2022-11,2022,44,Q4,Herramienta,2,1,83.32,Revisar plan
2022-11-13,2022-11,2022,45,Q4,Proceso,6,5,87.11,Revisar plan
2022-11-13,2022-11,2022,45,Q4,Tecnología,4,3,98.36,Evolución positiva
2022-11-13,2022-11,2022,45,Q4,Organizacional,4,3,85.07,Revisar plan
2022-11-13,2022-11,2022,45,Q4,Metodología,2,1,96.86,Evolución positiva
2022-11-13,2022-11,2022,45,Q4,Herramienta,3,2,85.62,Revisar plan
2022-11-20,2022-11,2022,46,Q4,Proceso,6,5,96.65,Evolución positiva
2022-11-20,2022-11,2022,46,Q4,Tecnología,3,2,93.97,Evolución positiva
2022-11-20,2022-11,2022,46,Q4,Organizacional,7,6,91.2,Evolución positiva
2022-11-20,2022-11,2022,46,Q4,Metodología,2,1,75.75,Revisar plan
2022-11-20,2022-11,2022,46,Q4,Herramienta,2,1,87.75,Revisar plan
2022-11-27,2022-11,2022,47,Q4,Proceso,2,1,81.6,Revisar plan
2022-11-27,2022-11,2022,47,Q4,Tecnología,4,3,89.92,Revisar plan
2022-11-27,2022-11,2022,47,Q4,Organizacional,5,3,76.42,Revisar plan
2022-11-27,2022-11,2022,47,Q4,Metodología,7,6,89.43,Revisar plan
2022-11-27,2022-11,2022,47,Q4,Herramienta,4,3,99.99,Evolución positiva
2022-12-04,2022-12,2022,48,Q4,Proceso,5,3,76.62,Revisar plan
2022-12-04,2022-12,2022,48,Q4,Tecnología,2,1,77.85,Revisar plan
2022-12-04,2022-12,2022,48,Q4,Organizacional,4,3,86.42,Revisar plan
2022-12-04,2022-12,2022,48,Q4,Metodología,6,4,76.37,Revisar plan
2022-12-04,2022-12,2022,48,Q4,Herramienta,6,5,93.21,Evolución positiva
2022-12-11,2022-12,2022,49,Q4,Proceso,3,2,95.73,Evolución positiva
2022-12-11,2022-12,2022,49,Q4,Tecnología,4,3,79.89,Revisar plan
2022-12-11,2022-12,2022,49,Q4,Organizacional,3,2,95.12,Evolución positiva
2022-12-11,2022-12,2022,49,Q4,Metodología,2,1,75.98,Revisar plan
2022-12-11,2022-12,2022,49,Q4,Herramienta,2,1,86.53,Revisar plan
2022-12-18,2022-12,2022,50,Q4,Proceso,3,2,79.29,Revisar plan
2022-12-18,2022-12,2022,50,Q4,Tecnología,5,3,75.23,Revisar plan
2022-12-18,2022-12,2022,50,Q4,Organizacional,5,4,82.71,Revisar plan
2022-12-18,2022-12,2022,50,Q4,Metodología,6,4,75.11,Revisar plan
2022-12-18,2022-12,2022,50,Q4,Herramienta,6,5,91.08,Evolución positiva
2022-12-25,2022-12,2022,51,Q4,Proceso,2,1,91.6,Evolución positiva
2022-12-25,2022-12,2022,51,Q4,Tecnología,2,1,89.34,Revisar plan
2022-12-25,2022-12,2022,51,Q4,Organizacional,3,2,83.83,Revisar plan
2022-12-25,2022-12,2022,51,Q4,Metodología,6,5,94.73,Evolución positiva
2022-12-25,2022-12,2022,51,Q4,Herramienta,5,3,77.83,Revisar plan
2023-01-01,2023-01,2023,52,Q1,Proceso,7,5,85.7,Revisar plan
2023-01-01,2023-01,2023,52,Q1,Tecnología,5,4,86.66,Revisar plan
2023-01-01,2023-01,2023,52,Q1,Organizacional,6,5,87.86,Revisar plan
2023-01-01,2023-01,2023,52,Q1,Metodología,7,5,80.66,Revisar plan
2023-01-01,2023-01,2023,52,Q1,Herramienta,3,2,80.24,Revisar plan
2023-01-08,2023-01,2023,1,Q1,Proceso,6,5,89.39,Revisar plan
2023-01-08,2023-01,2023,1,Q1,Tecnología,3,2,75.39,Revisar plan
2023-01-08,2023-01,2023,1,Q1,Organizacional,2,1,93.85,Evolución positiva
2023-01-08,2023-01,2023,1,Q1,Metodología,6,5,95.82,Evolución positiva
2023-01-08,2023-01,2023,1,Q1,Herramienta,3,2,94.75,Evolución positiva
2023-01-15,2023-01,2023,2,Q1,Proceso,6,5,94.92,Evolución positiva
2023-01-15,2023-01,2023,2,Q1,Tecnología,4,3,99.64,Evolución positiva
2023-01-15,2023-01,2023,2,Q1,Organizacional,2,1,83.11,Revisar plan
2023-01-15,2023-01,2023,2,Q1,Metodología,7,6,93.7,Evolución positiva
2023-01-15,2023-01,2023,2,Q1,Herramienta,5,4,85.97,Revisar plan
2023-01-22,2023-01,2023,3,Q1,Proceso,7,5,85.49,Revisar plan
2023-01-22,2023-01,2023,3,Q1,Tecnología,3,2,92.08,Evolución positiva
2023-01-22,2023-01,2023,3,Q1,Organizacional,4,3,95.83,Evolución positiva
2023-01-22,2023-01,2023,3,Q1,Metodología,2,1,93.04,Evolución positiva
2023-01-22,2023-01,2023,3,Q1,Herramienta,2,1,75.56,Revisar plan
2023-01-29,2023-01,2023,4,Q1,Proceso,6,5,90.31,Evolución positiva
2023-01-29,2023-01,2023,4,Q1,Tecnología,2,1,82.15,Revisar plan
2023-01-29,2023-01,2023,4,Q1,Organizacional,4,3,86.98,Revisar plan
2023-01-29,2023-01,2023,4,Q1,Metodología,4,3,81.91,Revisar plan
2023-01-29,2023-01,2023,4,Q1,Herramienta,5,4,97.67,Evolución positiva
2023-02-05,2023-02,2023,5,Q1,Proceso,5,3,76.37,Revisar plan
2023-02-05,2023-02,2023,5,Q1,Tecnología,3,2,80.09,Revisar plan
2023-02-05,2023-02,2023,5,Q1,Organizacional,4,3,86.56,Revisar plan
2023-02-05,2023-02,2023,5,Q1,Metodología,2,1,79.54,Revisar plan
2023-02-05,2023-02,2023,5,Q1,Herramienta,7,5,80.54,Revisar plan
2023-02-12,2023-02,2023,6,Q1,Proceso,6,5,87.46,Revisar plan
2023-02-12,2023-02,2023,6,Q1,Tecnología,3,2,97.39,Evolución positiva
2023-02-12,2023-02,2023,6,Q1,Organizacional,4,3,97.23,Evolución positiva
2023-02-12,2023-02,2023,6,Q1,Metodología,5,3,76.55,Revisar plan
2023-02-12,2023-02,2023,6,Q1,Herramienta,2,1,93.25,Evolución positiva
2023-02-19,2023-02,2023,7,Q1,Proceso,4,3,77.66,Revisar plan
2023-02-19,2023-02,2023,7,Q1,Tecnología,2,1,93.68,Evolución positiva
2023-02-19,2023-02,2023,7,Q1,Organizacional,6,5,83.85,Revisar plan
2023-02-19,2023-02,2023,7,Q1,Metodología,5,3,77.8,Revisar plan
2023-02-19,2023-02,2023,7,Q1,Herramienta,7,6,99.99,Evolución positiva
2023-02-26,2023-02,2023,8,Q1,Proceso,4,3,87.17,Revisar plan
2023-02-26,2023-02,2023,8,Q1,Tecnología,3,2,78.94,Revisar plan
2023-02-26,2023-02,2023,8,Q1,Organizacional,4,3,81.21,Revisar plan
2023-02-26,2023-02,2023,8,Q1,Metodología,2,1,90.35,Evolución positiva
2023-02-26,2023-02,2023,8,Q1,Herramienta,3,2,85.17,Revisar plan
2023-03-05,2023-03,2023,9,Q1,Proceso,5,4,86.59,Revisar plan
2023-03-05,2023-03,2023,9,Q1,Tecnología,6,4,78.1,Revisar plan
2023-03-05,2023-03,2023,9,Q1,Organizacional,6,5,99.38,Evolución positiva
2023-03-05,2023-03,2023,9,Q1,Metodología,3,2,75.86,Revisar plan
2023-03-05,2023-03,2023,9,Q1,Herramienta,7,5,81.6,Revisar plan
2023-03-12,2023-03,2023,10,Q1,Proceso,3,2,89.39,Revisar plan
2023-03-12,2023-03,2023,10,Q1,Tecnología,7,6,92.45,Evolución positiva
2023-03-12,2023-03,2023,10,Q1,Organizacional,3,2,87.3,Revisar plan
2023-03-12,2023-03,2023,10,Q1,Metodología,4,3,85.4,Revisar plan
2023-03-12,2023-03,2023,10,Q1,Herramienta,3,2,91.48,Evolución positiva
2023-03-19,2023-03,2023,11,Q1,Proceso,6,5,90.27,Evolución positiva
2023-03-19,2023-03,2023,11,Q1,Tecnología,7,5,75.7,Revisar plan
2023-03-19,2023-03,2023,11,Q1,Organizacional,7,6,96.23,Evolución positiva
2023-03-19,2023-03,2023,11,Q1,Metodología,7,5,84.0,Revisar plan
2023-03-19,2023-03,2023,11,Q1,Herramienta,6,5,95.9,Evolución positiva
2023-03-26,2023-03,2023,12,Q1,Proceso,3,2,92.49,Evolución positiva
2023-03-26,2023-03,2023,12,Q1,Tecnología,3,2,88.15,Revisar plan
2023-03-26,2023-03,2023,12,Q1,Organizacional,2,1,97.42,Evolución positiva
2023-03-26,2023-03,2023,12,Q1,Metodología,3,2,98.29,Evolución positiva
2023-03-26,2023-03,2023,12,Q1,Herramienta,6,5,93.25,Evolución positiva
2023-04-02,2023-04,2023,13,Q2,Proceso,5,4,81.05,Revisar plan
2023-04-02,2023-04,2023,13,Q2,Tecnología,7,6,85.72,Revisar plan
2023-04-02,2023-04,2023,13,Q2,Organizacional,3,2,83.53,Revisar plan
2023-04-02,2023-04,2023,13,Q2,Metodología,2,1,89.46,Revisar plan
2023-04-02,2023-04,2023,13,Q2,Herramienta,4,3,93.41,Evolución positiva
2023-04-09,2023-04,2023,14,Q2,Proceso,5,3,77.54,Revisar plan
2023-04-09,2023-04,2023,14,Q2,Tecnología,7,6,90.96,Evolución positiva
2023-04-09,2023-04,2023,14,Q2,Organizacional,6,4,79.38,Revisar plan
2023-04-09,2023-04,2023,14,Q2,Metodología,3,2,93.1,Evolución positiva
2023-04-09,2023-04,2023,14,Q2,Herramienta,5,4,83.25,Revisar plan
2023-04-16,2023-04,2023,15,Q2,Proceso,7,5,80.88,Revisar plan
2023-04-16,2023-04,2023,15,Q2,Tecnología,6,4,79.44,Revisar plan
2023-04-16,2023-04,2023,15,Q2,Organizacional,7,5,77.95,Revisar plan
2023-04-16,2023-04,2023,15,Q2,Metodología,7,6,90.4,Evolución positiva
2023-04-16,2023-04,2023,15,Q2,Herramienta,4,3,84.65,Revisar plan
2023-04-23,2023-04,2023,16,Q2,Proceso,4,3,82.48,Revisar plan
2023-04-23,2023-04,2023,16,Q2,Tecnología,6,5,99.13,Evolución positiva
2023-04-23,2023-04,2023,16,Q2,Organizacional,4,3,91.36,Evolución positiva
2023-04-23,2023-04,2023,16,Q2,Metodología,5,4,92.4,Evolución positiva
2023-04-23,2023-04,2023,16,Q2,Herramienta,5,4,82.92,Revisar plan
2023-04-30,2023-04,2023,17,Q2,Proceso,4,3,75.79,Revisar plan
2023-04-30,2023-04,2023,17,Q2,Tecnología,4,3,95.2,Evolución positiva
2023-04-30,2023-04,2023,17,Q2,Organizacional,2,1,80.62,Revisar plan
2023-04-30,2023-04,2023,17,Q2,Metodología,7,6,98.44,Evolución positiva
2023-04-30,2023-04,2023,17,Q2,Herramienta,6,5,98.88,Evolución positiva
2023-05-07,2023-05,2023,18,Q2,Proceso,4,3,76.23,Revisar plan
2023-05-07,2023-05,2023,18,Q2,Tecnología,7,5,81.59,Revisar plan
2023-05-07,2023-05,2023,18,Q2,Organizacional,5,4,93.09,Evolución positiva
2023-05-07,2023-05,2023,18,Q2,Metodología,7,6,97.01,Evolución positiva
2023-05-07,2023-05,2023,18,Q2,Herramienta,4,3,78.51,Revisar plan
2023-05-14,2023-05,2023,19,Q2,Proceso,2,1,88.38,Revisar plan
2023-05-14,2023-05,2023,19,Q2,Tecnología,7,6,86.19,Revisar plan
2023-05-14,2023-05,2023,19,Q2,Organizacional,6,4,81.02,Revisar plan
2023-05-14,2023-05,2023,19,Q2,Metodología,5,4,80.56,Revisar plan
2023-05-14,2023-05,2023,19,Q2,Herramienta,3,2,89.96,Revisar plan
2023-05-21,2023-05,2023,20,Q2,Proceso,5,3,78.53,Revisar plan
2023-05-21,2023-05,2023,20,Q2,Tecnología,3,2,90.07,Evolución positiva
2023-05-21,2023-05,2023,20,Q2,Organizacional,4,3,78.95,Revisar plan
2023-05-21,2023-05,2023,20,Q2,Metodología,5,4,82.52,Revisar plan
2023-05-21,2023-05,2023,20,Q2,Herramienta,5,4,90.47,Evolución positiva
2023-05-28,2023-05,2023,21,Q2,Proceso,2,1,94.12,Evolución positiva
2023-05-28,2023-05,2023,21,Q2,Tecnología,3,2,78.32,Revisar plan
2023-05-28,2023-05,2023,21,Q2,Organizacional,2,1,79.28,Revisar plan
2023-05-28,2023-05,2023,21,Q2,Metodología,5,3,78.84,Revisar plan
2023-05-28,2023-05,2023,21,Q2,Herramienta,3,2,75.8,Revisar plan
2023-06-04,2023-06,2023,22,Q2,Proceso,4,3,93.19,Evolución positiva
2023-06-04,2023-06,2023,22,Q2,Tecnología,4,3,97.93,Evolución positiva
2023-06-04,2023-06,2023,22,Q2,Organizacional,4,3,83.6,Revisar plan
2023-06-04,2023-06,2023,22,Q2,Metodología,5,4,86.3,Revisar plan
2023-06-04,2023-06,2023,22,Q2,Herramienta,6,5,84.03,Revisar plan
2023-06-11,2023-06,2023,23,Q2,Proceso,2,1,77.55,Revisar plan
2023-06-11,2023-06,2023,23,Q2,Tecnología,3,2,83.99,Revisar plan
2023-06-11,2023-06,2023,23,Q2,Organizacional,5,3,75.43,Revisar plan
2023-06-11,2023-06,2023,23,Q2,Metodología,7,5,75.84,Revisar plan
2023-06-11,2023-06,2023,23,Q2,Herramienta,2,1,87.39,Revisar plan
2023-06-18,2023-06,2023,24,Q2,Proceso,4,3,80.91,Revisar plan
2023-06-18,2023-06,2023,24,Q2,Tecnología,4,3,95.68,Evolución positiva
2023-06-18,2023-06,2023,24,Q2,Organizacional,6,5,88.42,Revisar plan
2023-06-18,2023-06,2023,24,Q2,Metodología,6,5,94.46,Evolución positiva
2023-06-18,2023-06,2023,24,Q2,Herramienta,4,3,87.16,Revisar plan
2023-06-25,2023-06,2023,25,Q2,Proceso,6,5,85.04,Revisar plan
2023-06-25,2023-06,2023,25,Q2,Tecnología,3,2,83.28,Revisar plan
2023-06-25,2023-06,2023,25,Q2,Organizacional,2,1,86.53,Revisar plan
2023-06-25,2023-06,2023,25,Q2,Metodología,5,4,99.96,Evolución positiva
2023-06-25,2023-06,2023,25,Q2,Herramienta,6,5,84.03,Revisar plan
2023-07-02,2023-07,2023,26,Q3,Proceso,2,1,82.89,Revisar plan
2023-07-02,2023-07,2023,26,Q3,Tecnología,6,5,84.84,Revisar plan
2023-07-02,2023-07,2023,26,Q3,Organizacional,7,5,83.35,Revisar plan
2023-07-02,2023-07,2023,26,Q3,Metodología,4,3,98.46,Evolución positiva
2023-07-02,2023-07,2023,26,Q3,Herramienta,3,2,96.44,Evolución positiva
2023-07-09,2023-07,2023,27,Q3,Proceso,2,1,83.32,Revisar plan
2023-07-09,2023-07,2023,27,Q3,Tecnología,2,1,79.36,Revisar plan
2023-07-09,2023-07,2023,27,Q3,Organizacional,6,5,88.91,Revisar plan
2023-07-09,2023-07,2023,27,Q3,Metodología,2,1,94.05,Evolución positiva
2023-07-09,2023-07,2023,27,Q3,Herramienta,4,3,97.06,Evolución positiva
2023-07-16,2023-07,2023,28,Q3,Proceso,2,1,78.05,Revisar plan
2023-07-16,2023-07,2023,28,Q3,Tecnología,6,4,76.16,Revisar plan
2023-07-16,2023-07,2023,28,Q3,Organizacional,5,4,93.25,Evolución positiva
2023-07-16,2023-07,2023,28,Q3,Metodología,6,4,75.69,Revisar plan
2023-07-16,2023-07,2023,28,Q3,Herramienta,3,2,100.0,Evolución positiva
2023-07-23,2023-07,2023,29,Q3,Proceso,6,5,85.39,Revisar plan
2023-07-23,2023-07,2023,29,Q3,Tecnología,3,2,92.35,Evolución positiva
2023-07-23,2023-07,2023,29,Q3,Organizacional,7,5,76.22,Revisar plan
2023-07-23,2023-07,2023,29,Q3,Metodología,6,5,97.15,Evolución positiva
2023-07-23,2023-07,2023,29,Q3,Herramienta,3,2,98.62,Evolución positiva
2023-07-30,2023-07,2023,30,Q3,Proceso,6,5,84.31,Revisar plan
2023-07-30,2023-07,2023,30,Q3,Tecnología,2,1,76.49,Revisar plan
2023-07-30,2023-07,2023,30,Q3,Organizacional,2,1,83.73,Revisar plan
2023-07-30,2023-07,2023,30,Q3,Metodología,5,3,79.36,Revisar plan
2023-07-30,2023-07,2023,30,Q3,Herramienta,2,1,88.37,Revisar plan
2023-08-06,2023-08,2023,31,Q3,Proceso,2,1,81.76,Revisar plan
2023-08-06,2023-08,2023,31,Q3,Tecnología,5,3,79.82,Revisar plan
2023-08-06,2023-08,2023,31,Q3,Organizacional,5,3,79.77,Revisar plan
2023-08-06,2023-08,2023,31,Q3,Metodología,3,2,78.81,Revisar plan
2023-08-06,2023-08,2023,31,Q3,Herramienta,3,2,80.38,Revisar plan
2023-08-13,2023-08,2023,32,Q3,Proceso,7,6,97.67,Evolución positiva
2023-08-13,2023-08,2023,32,Q3,Tecnología,7,6,86.0,Revisar plan
2023-08-13,2023-08,2023,32,Q3,Organizacional,6,5,95.97,Evolución positiva
2023-08-13,2023-08,2023,32,Q3,Metodología,5,4,86.6,Revisar plan
2023-08-13,2023-08,2023,32,Q3,Herramienta,5,4,94.78,Evolución positiva
2023-08-20,2023-08,2023,33,Q3,Proceso,4,3,99.37,Evolución positiva
2023-08-20,2023-08,2023,33,Q3,Tecnología,7,6,90.84,Evolución positiva
2023-08-20,2023-08,2023,33,Q3,Organizacional,5,4,93.87,Evolución positiva
2023-08-20,2023-08,2023,33,Q3,Metodología,6,4,76.77,Revisar plan
2023-08-20,2023-08,2023,33,Q3,Herramienta,6,5,91.13,Evolución positiva
2023-08-27,2023-08,2023,34,Q3,Proceso,2,1,96.41,Evolución positiva
2023-08-27,2023-08,2023,34,Q3,Tecnología,3,2,83.17,Revisar plan
2023-08-27,2023-08,2023,34,Q3,Organizacional,2,1,99.92,Evolución positiva
2023-08-27,2023-08,2023,34,Q3,Metodología,4,3,91.92,Evolución positiva
2023-08-27,2023-08,2023,34,Q3,Herramienta,6,5,84.3,Revisar plan
2023-09-03,2023-09,2023,35,Q3,Proceso,2,1,81.22,Revisar plan
2023-09-03,2023-09,2023,35,Q3,Tecnología,6,4,78.05,Revisar plan
2023-09-03,2023-09,2023,35,Q3,Organizacional,3,2,99.78,Evolución positiva
2023-09-03,2023-09,2023,35,Q3,Metodología,2,1,78.01,Revisar plan
2023-09-03,2023-09,2023,35,Q3,Herramienta,5,4,85.9,Revisar plan
2023-09-10,2023-09,2023,36,Q3,Proceso,2,1,98.34,Evolución positiva
2023-09-10,2023-09,2023,36,Q3,Tecnología,7,5,76.84,Revisar plan
2023-09-10,2023-09,2023,36,Q3,Organizacional,5,4,81.42,Revisar plan
2023-09-10,2023-09,2023,36,Q3,Metodología,2,1,99.83,Evolución positiva
2023-09-10,2023-09,2023,36,Q3,Herramienta,5,4,94.1,Evolución positiva
2023-09-17,2023-09,2023,37,Q3,Proceso,3,2,84.09,Revisar plan
2023-09-17,2023-09,2023,37,Q3,Tecnología,7,6,88.86,Revisar plan
2023-09-17,2023-09,2023,37,Q3,Organizacional,7,5,79.59,Revisar plan
2023-09-17,2023-09,2023,37,Q3,Metodología,6,5,88.66,Revisar plan
2023-09-17,2023-09,2023,37,Q3,Herramienta,3,2,78.03,Revisar plan
2023-09-24,2023-09,2023,38,Q3,Proceso,3,2,91.7,Evolución positiva
2023-09-24,2023-09,2023,38,Q3,Tecnología,3,2,86.03,Revisar plan
2023-09-24,2023-09,2023,38,Q3,Organizacional,2,1,90.13,Evolución positiva
2023-09-24,2023-09,2023,38,Q3,Metodología,4,3,85.03,Revisar plan
2023-09-24,2023-09,2023,38,Q3,Herramienta,2,1,94.29,Evolución positiva
2023-10-01,2023-10,2023,39,Q4,Proceso,2,1,97.39,Evolución positiva
2023-10-01,2023-10,2023,39,Q4,Tecnología,5,4,90.2,Evolución positiva
2023-10-01,2023-10,2023,39,Q4,Organizacional,2,1,89.34,Revisar plan
2023-10-01,2023-10,2023,39,Q4,Metodología,2,1,87.49,Revisar plan
2023-10-01,2023-10,2023,39,Q4,Herramienta,6,4,76.42,Revisar plan
2023-10-08,2023-10,2023,40,Q4,Proceso,3,2,81.76,Revisar plan
2023-10-08,2023-10,2023,40,Q4,Tecnología,6,5,95.08,Evolución positiva
2023-10-08,2023-10,2023,40,Q4,Organizacional,4,3,79.81,Revisar plan
2023-10-08,2023-10,2023,40,Q4,Metodología,7,6,95.27,Evolución positiva
2023-10-08,2023-10,2023,40,Q4,Herramienta,3,2,84.08,Revisar plan
2023-10-15,2023-10,2023,41,Q4,Proceso,2,1,83.15,Revisar plan
2023-10-15,2023-10,2023,41,Q4,Tecnología,6,4,77.88,Revisar plan
2023-10-15,2023-10,2023,41,Q4,Organizacional,5,4,93.05,Evolución positiva
2023-10-15,2023-10,2023,41,Q4,Metodología,3,2,84.21,Revisar plan
2023-10-15,2023-10,2023,41,Q4,Herramienta,2,1,95.29,Evolución positiva
2023-10-22,2023-10,2023,42,Q4,Proceso,4,3,99.67,Evolución positiva
2023-10-22,2023-10,2023,42,Q4,Tecnología,4,3,98.1,Evolución positiva
2023-10-22,2023-10,2023,42,Q4,Organizacional,2,1,91.22,Evolución positiva
2023-10-22,2023-10,2023,42,Q4,Metodología,7,5,82.35,Revisar plan
2023-10-22,2023-10,2023,42,Q4,Herramienta,7,6,89.89,Revisar plan
2023-10-29,2023-10,2023,43,Q4,Proceso,3,2,78.7,Revisar plan
2023-10-29,2023-10,2023,43,Q4,Tecnología,7,5,82.15,Revisar plan
2023-10-29,2023-10,2023,43,Q4,Organizacional,4,3,79.83,Revisar plan
2023-10-29,2023-10,2023,43,Q4,Metodología,2,1,77.61,Revisar plan
2023-10-29,2023-10,2023,43,Q4,Herramienta,6,5,91.43,Evolución positiva
2023-11-05,2023-11,2023,44,Q4,Proceso,7,6,96.25,Evolución positiva
2023-11-05,2023-11,2023,44,Q4,Tecnología,4,3,89.99,Revisar plan
2023-11-05,2023-11,2023,44,Q4,Organizacional,6,4,79.84,Revisar plan
2023-11-05,2023-11,2023,44,Q4,Metodología,6,4,80.68,Revisar plan
2023-11-05,2023-11,2023,44,Q4,Herramienta,6,4,79.58,Revisar plan
2023-11-12,2023-11,2023,45,Q4,Proceso,4,3,86.7,Revisar plan
2023-11-12,2023-11,2023,45,Q4,Tecnología,2,1,96.84,Evolución positiva
2023-11-12,2023-11,2023,45,Q4,Organizacional,2,1,94.73,Evolución positiva
2023-11-12,2023-11,2023,45,Q4,Metodología,6,5,98.02,Evolución positiva
2023-11-12,2023-11,2023,45,Q4,Herramienta,2,1,79.74,Revisar plan
2023-11-19,2023-11,2023,46,Q4,Proceso,7,5,81.87,Revisar plan
2023-11-19,2023-11,2023,46,Q4,Tecnología,7,5,75.09,Revisar plan
2023-11-19,2023-11,2023,46,Q4,Organizacional,4,3,98.91,Evolución positiva
2023-11-19,2023-11,2023,46,Q4,Metodología,7,6,91.72,Evolución positiva
2023-11-19,2023-11,2023,46,Q4,Herramienta,6,5,90.37,Evolución positiva
2023-11-26,2023-11,2023,47,Q4,Proceso,7,5,82.83,Revisar plan
2023-11-26,2023-11,2023,47,Q4,Tecnología,3,2,92.79,Evolución positiva
2023-11-26,2023-11,2023,47,Q4,Organizacional,3,2,88.67,Revisar plan
2023-11-26,2023-11,2023,47,Q4,Metodología,6,5,91.83,Evolución positiva
2023-11-26,2023-11,2023,47,Q4,Herramienta,6,5,96.37,Evolución positiva
2023-12-03,2023-12,2023,48,Q4,Proceso,7,6,97.2,Evolución positiva
2023-12-03,2023-12,2023,48,Q4,Tecnología,7,6,96.34,Evolución positiva
2023-12-03,2023-12,2023,48,Q4,Organizacional,3,2,94.69,Evolución positiva
2023-12-03,2023-12,2023,48,Q4,Metodología,2,1,99.3,Evolución positiva
2023-12-03,2023-12,2023,48,Q4,Herramienta,3,2,87.74,Revisar plan
2023-12-10,2023-12,2023,49,Q4,Proceso,2,1,82.3,Revisar plan
2023-12-10,2023-12,2023,49,Q4,Tecnología,7,6,92.1,Evolución positiva
2023-12-10,2023-12,2023,49,Q4,Organizacional,6,4,81.85,Revisar plan
2023-12-10,2023-12,2023,49,Q4,Metodología,5,4,85.88,Revisar plan
2023-12-10,2023-12,2023,49,Q4,Herramienta,7,5,78.9,Revisar plan
2023-12-17,2023-12,2023,50,Q4,Proceso,7,5,79.7,Revisar plan
2023-12-17,2023-12,2023,50,Q4,Tecnología,3,2,95.81,Evolución positiva
2023-12-17,2023-12,2023,50,Q4,Organizacional,4,3,83.98,Revisar plan
2023-12-17,2023-12,2023,50,Q4,Metodología,6,5,95.27,Evolución positiva
2023-12-17,2023-12,2023,50,Q4,Herramienta,4,3,82.29,Revisar plan
2023-12-24,2023-12,2023,51,Q4,Proceso,3,2,86.45,Revisar plan
2023-12-24,2023-12,2023,51,Q4,Tecnología,6,4,76.87,Revisar plan
2023-12-24,2023-12,2023,51,Q4,Organizacional,5,4,81.69,Revisar plan
2023-12-24,2023-12,2023,51,Q4,Metodología,6,5,88.31,Revisar plan
2023-12-24,2023-12,2023,51,Q4,Herramienta,4,3,84.92,Revisar plan
2023-12-31,2023-12,2023,52,Q4,Proceso,3,2,77.05,Revisar plan
2023-12-31,2023-12,2023,52,Q4,Tecnología,2,1,80.94,Revisar plan
2023-12-31,2023-12,2023,52,Q4,Organizacional,7,6,99.33,Evolución positiva
2023-12-31,2023-12,2023,52,Q4,Metodología,3,2,75.66,Revisar plan
2023-12-31,2023-12,2023,52,Q4,Herramienta,4,3,85.33,Revisar plan
2024-01-07,2024-01,2024,1,Q1,Proceso,3,2,87.11,Revisar plan
2024-01-07,2024-01,2024,1,Q1,Tecnología,5,3,79.64,Revisar plan
2024-01-07,2024-01,2024,1,Q1,Organizacional,2,1,77.45,Revisar plan
2024-01-07,2024-01,2024,1,Q1,Metodología,3,2,85.32,Revisar plan
2024-01-07,2024-01,2024,1,Q1,Herramienta,3,2,82.92,Revisar plan
2024-01-14,2024-01,2024,2,Q1,Proceso,5,4,87.33,Revisar plan
2024-01-14,2024-01,2024,2,Q1,Tecnología,6,4,76.84,Revisar plan
2024-01-14,2024-01,2024,2,Q1,Organizacional,4,3,78.13,Revisar plan
2024-01-14,2024-01,2024,2,Q1,Metodología,2,1,86.85,Revisar plan
2024-01-14,2024-01,2024,2,Q1,Herramienta,3,2,76.92,Revisar plan
2024-01-21,2024-01,2024,3,Q1,Proceso,7,6,89.4,Revisar plan
2024-01-21,2024-01,2024,3,Q1,Tecnología,4,3,77.04,Revisar plan
2024-01-21,2024-01,2024,3,Q1,Organizacional,5,4,80.94,Revisar plan
2024-01-21,2024-01,2024,3,Q1,Metodología,7,6,96.73,Evolución positiva
2024-01-21,2024-01,2024,3,Q1,Herramienta,2,1,96.78,Evolución positiva
2024-01-28,2024-01,2024,4,Q1,Proceso,6,5,86.35,Revisar plan
2024-01-28,2024-01,2024,4,Q1,Tecnología,7,6,97.06,Evolución positiva
2024-01-28,2024-01,2024,4,Q1,Organizacional,7,6,88.4,Revisar plan
2024-01-28,2024-01,2024,4,Q1,Metodología,5,4,89.4,Revisar plan
2024-01-28,2024-01,2024,4,Q1,Herramienta,2,1,75.86,Revisar plan
2024-02-04,2024-02,2024,5,Q1,Proceso,6,5,83.4,Revisar plan
2024-02-04,2024-02,2024,5,Q1,Tecnología,7,6,88.18,Revisar plan
2024-02-04,2024-02,2024,5,Q1,Organizacional,2,1,94.82,Evolución positiva
2024-02-04,2024-02,2024,5,Q1,Metodología,5,4,99.52,Evolución positiva
2024-02-04,2024-02,2024,5,Q1,Herramienta,5,4,83.0,Revisar plan
2024-02-11,2024-02,2024,6,Q1,Proceso,7,5,82.5,Revisar plan
2024-02-11,2024-02,2024,6,Q1,Tecnología,4,3,85.09,Revisar plan
2024-02-11,2024-02,2024,6,Q1,Organizacional,3,2,87.0,Revisar plan
2024-02-11,2024-02,2024,6,Q1,Metodología,5,4,95.07,Evolución positiva
2024-02-11,2024-02,2024,6,Q1,Herramienta,6,5,83.53,Revisar plan
2024-02-18,2024-02,2024,7,Q1,Proceso,5,3,78.91,Revisar plan
2024-02-18,2024-02,2024,7,Q1,Tecnología,7,5,82.22,Revisar plan
2024-02-18,2024-02,2024,7,Q1,Organizacional,2,1,75.35,Revisar plan
2024-02-18,2024-02,2024,7,Q1,Metodología,3,2,85.56,Revisar plan
2024-02-18,2024-02,2024,7,Q1,Herramienta,2,1,81.88,Revisar plan
2024-02-25,2024-02,2024,8,Q1,Proceso,6,4,81.51,Revisar plan
2024-02-25,2024-02,2024,8,Q1,Tecnología,6,5,88.53,Revisar plan
2024-02-25,2024-02,2024,8,Q1,Organizacional,2,1,81.18,Revisar plan
2024-02-25,2024-02,2024,8,Q1,Metodología,7,6,97.96,Evolución positiva
2024-02-25,2024-02,2024,8,Q1,Herramienta,6,4,75.44,Revisar plan
2024-03-03,2024-03,2024,9,Q1,Proceso,4,3,90.79,Evolución positiva
2024-03-03,2024-03,2024,9,Q1,Tecnología,7,6,93.41,Evolución positiva
2024-03-03,2024-03,2024,9,Q1,Organizacional,3,2,82.8,Revisar plan
2024-03-03,2024-03,2024,9,Q1,Metodología,4,3,96.53,Evolución positiva
2024-03-03,2024-03,2024,9,Q1,Herramienta,7,5,79.07,Revisar plan
2024-03-10,2024-03,2024,10,Q1,Proceso,2,1,76.55,Revisar plan
2024-03-10,2024-03,2024,10,Q1,Tecnología,5,4,94.74,Evolución positiva
2024-03-10,2024-03,2024,10,Q1,Organizacional,3,2,99.49,Evolución positiva
2024-03-10,2024-03,2024,10,Q1,Metodología,7,6,92.93,Evolución positiva
2024-03-10,2024-03,2024,10,Q1,Herramienta,2,1,87.09,Revisar plan
2024-03-17,2024-03,2024,11,Q1,Proceso,6,5,99.82,Evolución positiva
2024-03-17,2024-03,2024,11,Q1,Tecnología,7,6,86.29,Revisar plan
2024-03-17,2024-03,2024,11,Q1,Organizacional,3,2,86.67,Revisar plan
2024-03-17,2024-03,2024,11,Q1,Metodología,5,4,94.74,Evolución positiva
2024-03-17,2024-03,2024,11,Q1,Herramienta,3,2,96.92,Evolución positiva
2024-03-24,2024-03,2024,12,Q1,Proceso,5,4,96.28,Evolución positiva
2024-03-24,2024-03,2024,12,Q1,Tecnología,3,2,84.87,Revisar plan
2024-03-24,2024-03,2024,12,Q1,Organizacional,6,4,79.1,Revisar plan
2024-03-24,2024-03,2024,12,Q1,Metodología,7,5,82.07,Revisar plan
2024-03-24,2024-03,2024,12,Q1,Herramienta,3,2,76.24,Revisar plan
2024-03-31,2024-03,2024,13,Q1,Proceso,4,3,98.15,Evolución positiva
2024-03-31,2024-03,2024,13,Q1,Tecnología,4,3,82.35,Revisar plan
2024-03-31,2024-03,2024,13,Q1,Organizacional,5,4,90.7,Evolución positiva
2024-03-31,2024-03,2024,13,Q1,Metodología,3,2,93.89,Evolución positiva
2024-03-31,2024-03,2024,13,Q1,Herramienta,5,4,93.19,Evolución positiva
2024-04-07,2024-04,2024,14,Q2,Proceso,2,1,84.72,Revisar plan
2024-04-07,2024-04,2024,14,Q2,Tecnología,2,1,82.25,Revisar plan
2024-04-07,2024-04,2024,14,Q2,Organizacional,6,5,97.46,Evolución positiva
2024-04-07,2024-04,2024,14,Q2,Metodología,2,1,84.93,Revisar plan
2024-04-07,2024-04,2024,14,Q2,Herramienta,2,1,79.99,Revisar plan
2024-04-14,2024-04,2024,15,Q2,Proceso,7,5,83.45,Revisar plan
2024-04-14,2024-04,2024,15,Q2,Tecnología,7,6,97.76,Evolución positiva
2024-04-14,2024-04,2024,15,Q2,Organizacional,6,4,75.49,Revisar plan
2024-04-14,2024-04,2024,15,Q2,Metodología,4,3,81.99,Revisar plan
2024-04-14,2024-04,2024,15,Q2,Herramienta,6,4,81.5,Revisar plan
2024-04-21,2024-04,2024,16,Q2,Proceso,6,5,97.62,Evolución positiva
2024-04-21,2024-04,2024,16,Q2,Tecnología,6,5,92.47,Evolución positiva
2024-04-21,2024-04,2024,16,Q2,Organizacional,6,5,97.4,Evolución positiva
2024-04-21,2024-04,2024,16,Q2,Metodología,6,4,79.1,Revisar plan
2024-04-21,2024-04,2024,16,Q2,Herramienta,5,4,94.34,Evolución positiva
2024-04-28,2024-04,2024,17,Q2,Proceso,4,3,84.22,Revisar plan
2024-04-28,2024-04,2024,17,Q2,Tecnología,4,3,75.02,Revisar plan
2024-04-28,2024-04,2024,17,Q2,Organizacional,5,4,84.26,Revisar plan
2024-04-28,2024-04,2024,17,Q2,Metodología,2,1,96.81,Evolución positiva
2024-04-28,2024-04,2024,17,Q2,Herramienta,4,3,84.03,Revisar plan
2024-05-05,2024-05,2024,18,Q2,Proceso,7,5,79.21,Revisar plan
2024-05-05,2024-05,2024,18,Q2,Tecnología,7,6,92.97,Evolución positiva
2024-05-05,2024-05,2024,18,Q2,Organizacional,6,4,78.82,Revisar plan
2024-05-05,2024-05,2024,18,Q2,Metodología,3,2,96.74,Evolución positiva
2024-05-05,2024-05,2024,18,Q2,Herramienta,3,2,82.41,Revisar plan
2024-05-12,2024-05,2024,19,Q2,Proceso,4,3,76.74,Revisar plan
2024-05-12,2024-05,2024,19,Q2,Tecnología,7,6,98.63,Evolución positiva
2024-05-12,2024-05,2024,19,Q2,Organizacional,6,5,92.02,Evolución positiva
2024-05-12,2024-05,2024,19,Q2,Metodología,5,3,77.05,Revisar plan
2024-05-12,2024-05,2024,19,Q2,Herramienta,3,2,76.37,Revisar plan
2024-05-19,2024-05,2024,20,Q2,Proceso,6,4,83.24,Revisar plan
2024-05-19,2024-05,2024,20,Q2,Tecnología,7,6,88.66,Revisar plan
2024-05-19,2024-05,2024,20,Q2,Organizacional,5,4,99.4,Evolución positiva
2024-05-19,2024-05,2024,20,Q2,Metodología,3,2,80.72,Revisar plan
2024-05-19,2024-05,2024,20,Q2,Herramienta,7,6,89.68,Revisar plan
2024-05-26,2024-05,2024,21,Q2,Proceso,6,5,93.32,Evolución positiva
2024-05-26,2024-05,2024,21,Q2,Tecnología,4,3,85.09,Revisar plan
2024-05-26,2024-05,2024,21,Q2,Organizacional,2,1,90.75,Evolución positiva
2024-05-26,2024-05,2024,21,Q2,Metodología,6,4,78.48,Revisar plan
2024-05-26,2024-05,2024,21,Q2,Herramienta,2,1,95.97,Evolución positiva
2024-06-02,2024-06,2024,22,Q2,Proceso,5,4,80.95,Revisar plan
2024-06-02,2024-06,2024,22,Q2,Tecnología,6,5,85.42,Revisar plan
2024-06-02,2024-06,2024,22,Q2,Organizacional,5,4,84.71,Revisar plan
2024-06-02,2024-06,2024,22,Q2,Metodología,3,2,93.82,Evolución positiva
2024-06-02,2024-06,2024,22,Q2,Herramienta,5,3,79.5,Revisar plan
2024-06-09,2024-06,2024,23,Q2,Proceso,3,2,78.54,Revisar plan
2024-06-09,2024-06,2024,23,Q2,Tecnología,6,4,75.41,Revisar plan
2024-06-09,2024-06,2024,23,Q2,Organizacional,3,2,94.05,Evolución positiva
2024-06-09,2024-06,2024,23,Q2,Metodología,2,1,93.53,Evolución positiva
2024-06-09,2024-06,2024,23,Q2,Herramienta,2,1,83.47,Revisar plan
2024-06-16,2024-06,2024,24,Q2,Proceso,4,3,77.82,Revisar plan
2024-06-16,2024-06,2024,24,Q2,Tecnología,5,3,77.33,Revisar plan
2024-06-16,2024-06,2024,24,Q2,Organizacional,5,3,77.33,Revisar plan
2024-06-16,2024-06,2024,24,Q2,Metodología,5,3,78.18,Revisar plan
2024-06-16,2024-06,2024,24,Q2,Herramienta,3,2,86.66,Revisar plan
2024-06-23,2024-06,2024,25,Q2,Proceso,5,4,80.33,Revisar plan
2024-06-23,2024-06,2024,25,Q2,Tecnología,4,3,92.77,Evolución positiva
2024-06-23,2024-06,2024,25,Q2,Organizacional,5,4,84.82,Revisar plan
2024-06-23,2024-06,2024,25,Q2,Metodología,6,5,96.05,Evolución positiva
2024-06-23,2024-06,2024,25,Q2,Herramienta,3,2,87.86,Revisar plan
2024-06-30,2024-06,2024,26,Q2,Proceso,2,1,95.55,Evolución positiva
2024-06-30,2024-06,2024,26,Q2,Tecnología,2,1,90.59,Evolución positiva
2024-06-30,2024-06,2024,26,Q2,Organizacional,3,2,91.63,Evolución positiva
2024-06-30,2024-06,2024,26,Q2,Metodología,5,4,87.74,Revisar plan
2024-06-30,2024-06,2024,26,Q2,Herramienta,5,4,80.09,Revisar plan
2024-07-07,2024-07,2024,27,Q3,Proceso,2,1,85.3,Revisar plan
2024-07-07,2024-07,2024,27,Q3,Tecnología,4,3,75.22,Revisar plan
2024-07-07,2024-07,2024,27,Q3,Organizacional,3,2,79.51,Revisar plan
2024-07-07,2024-07,2024,27,Q3,Metodología,4,3,80.73,Revisar plan
2024-07-07,2024-07,2024,27,Q3,Herramienta,7,6,97.25,Evolución positiva
2024-07-14,2024-07,2024,28,Q3,Proceso,7,5,84.47,Revisar plan
2024-07-14,2024-07,2024,28,Q3,Tecnología,4,3,84.15,Revisar plan
2024-07-14,2024-07,2024,28,Q3,Organizacional,2,1,89.97,Revisar plan
2024-07-14,2024-07,2024,28,Q3,Metodología,4,3,85.16,Revisar plan
2024-07-14,2024-07,2024,28,Q3,Herramienta,5,4,99.32,Evolución positiva
2024-07-21,2024-07,2024,29,Q3,Proceso,4,3,96.21,Evolución positiva
2024-07-21,2024-07,2024,29,Q3,Tecnología,2,1,91.12,Evolución positiva
2024-07-21,2024-07,2024,29,Q3,Organizacional,2,1,95.65,Evolución positiva
2024-07-21,2024-07,2024,29,Q3,Metodología,4,3,93.13,Evolución positiva
2024-07-21,2024-07,2024,29,Q3,Herramienta,2,1,99.04,Evolución positiva
2024-07-28,2024-07,2024,30,Q3,Proceso,2,1,85.54,Revisar plan
2024-07-28,2024-07,2024,30,Q3,Tecnología,7,6,90.06,Evolución positiva
2024-07-28,2024-07,2024,30,Q3,Organizacional,3,2,95.74,Evolución positiva
2024-07-28,2024-07,2024,30,Q3,Metodología,4,3,78.16,Revisar plan
2024-07-28,2024-07,2024,30,Q3,Herramienta,4,3,85.18,Revisar plan
2024-08-04,2024-08,2024,31,Q3,Proceso,4,3,82.25,Revisar plan
2024-08-04,2024-08,2024,31,Q3,Tecnología,6,5,98.6,Evolución positiva
2024-08-04,2024-08,2024,31,Q3,Organizacional,2,1,91.53,Evolución positiva
2024-08-04,2024-08,2024,31,Q3,Metodología,2,1,75.43,Revisar plan
2024-08-04,2024-08,2024,31,Q3,Herramienta,4,3,96.51,Evolución positiva
2024-08-11,2024-08,2024,32,Q3,Proceso,3,2,94.04,Evolución positiva
2024-08-11,2024-08,2024,32,Q3,Tecnología,6,4,78.49,Revisar plan
2024-08-11,2024-08,2024,32,Q3,Organizacional,3,2,84.16,Revisar plan
2024-08-11,2024-08,2024,32,Q3,Metodología,7,5,83.83,Revisar plan
2024-08-11,2024-08,2024,32,Q3,Herramienta,4,3,90.02,Evolución positiva
2024-08-18,2024-08,2024,33,Q3,Proceso,6,4,76.41,Revisar plan
2024-08-18,2024-08,2024,33,Q3,Tecnología,4,3,82.15,Revisar plan
2024-08-18,2024-08,2024,33,Q3,Organizacional,2,1,95.94,Evolución positiva
2024-08-18,2024-08,2024,33,Q3,Metodología,3,2,77.69,Revisar plan
2024-08-18,2024-08,2024,33,Q3,Herramienta,4,3,78.19,Revisar plan
2024-08-25,2024-08,2024,34,Q3,Proceso,4,3,82.51,Revisar plan
2024-08-25,2024-08,2024,34,Q3,Tecnología,4,3,96.04,Evolución positiva
2024-08-25,2024-08,2024,34,Q3,Organizacional,6,5,86.83,Revisar plan
2024-08-25,2024-08,2024,34,Q3,Metodología,2,1,81.03,Revisar plan
2024-08-25,2024-08,2024,34,Q3,Herramienta,3,2,91.05,Evolución positiva
2024-09-01,2024-09,2024,35,Q3,Proceso,7,6,98.97,Evolución positiva
2024-09-01,2024-09,2024,35,Q3,Tecnología,7,6,91.59,Evolución positiva
2024-09-01,2024-09,2024,35,Q3,Organizacional,3,2,93.77,Evolución positiva
2024-09-01,2024-09,2024,35,Q3,Metodología,2,1,85.98,Revisar plan
2024-09-01,2024-09,2024,35,Q3,Herramienta,3,2,98.19,Evolución positiva
2024-09-08,2024-09,2024,36,Q3,Proceso,3,2,79.2,Revisar plan
2024-09-08,2024-09,2024,36,Q3,Tecnología,3,2,77.37,Revisar plan
2024-09-08,2024-09,2024,36,Q3,Organizacional,2,1,97.05,Evolución positiva
2024-09-08,2024-09,2024,36,Q3,Metodología,7,6,90.28,Evolución positiva
2024-09-08,2024-09,2024,36,Q3,Herramienta,2,1,96.97,Evolución positiva
2024-09-15,2024-09,2024,37,Q3,Proceso,7,6,88.64,Revisar plan
2024-09-15,2024-09,2024,37,Q3,Tecnología,7,5,83.37,Revisar plan
2024-09-15,2024-09,2024,37,Q3,Organizacional,4,3,90.28,Evolución positiva
2024-09-15,2024-09,2024,37,Q3,Metodología,4,3,98.22,Evolución positiva
2024-09-15,2024-09,2024,37,Q3,Herramienta,3,2,94.93,Evolución positiva
2024-09-22,2024-09,2024,38,Q3,Proceso,4,3,88.83,Revisar plan
2024-09-22,2024-09,2024,38,Q3,Tecnología,5,4,94.03,Evolución positiva
2024-09-22,2024-09,2024,38,Q3,Organizacional,6,5,87.53,Revisar plan
2024-09-22,2024-09,2024,38,Q3,Metodología,6,4,80.35,Revisar plan
2024-09-22,2024-09,2024,38,Q3,Herramienta,6,5,97.79,Evolución positiva
2024-09-29,2024-09,2024,39,Q3,Proceso,3,2,95.95,Evolución positiva
2024-09-29,2024-09,2024,39,Q3,Tecnología,3,2,76.83,Revisar plan
2024-09-29,2024-09,2024,39,Q3,Organizacional,2,1,91.63,Evolución positiva
2024-09-29,2024-09,2024,39,Q3,Metodología,6,5,90.44,Evolución positiva
2024-09-29,2024-09,2024,39,Q3,Herramienta,2,1,93.43,Evolución positiva
2024-10-06,2024-10,2024,40,Q4,Proceso,2,1,87.41,Revisar plan
2024-10-06,2024-10,2024,40,Q4,Tecnología,6,4,75.65,Revisar plan
2024-10-06,2024-10,2024,40,Q4,Organizacional,6,5,95.45,Evolución positiva
2024-10-06,2024-10,2024,40,Q4,Metodología,5,4,99.04,Evolución positiva
2024-10-06,2024-10,2024,40,Q4,Herramienta,6,5,86.34,Revisar plan
2024-10-13,2024-10,2024,41,Q4,Proceso,6,4,76.15,Revisar plan
2024-10-13,2024-10,2024,41,Q4,Tecnología,7,6,94.69,Evolución positiva
2024-10-13,2024-10,2024,41,Q4,Organizacional,4,3,85.43,Revisar plan
2024-10-13,2024-10,2024,41,Q4,Metodología,3,2,75.09,Revisar plan
2024-10-13,2024-10,2024,41,Q4,Herramienta,2,1,78.94,Revisar plan
2024-10-20,2024-10,2024,42,Q4,Proceso,6,4,81.59,Revisar plan
2024-10-20,2024-10,2024,42,Q4,Tecnología,5,4,96.99,Evolución positiva
2024-10-20,2024-10,2024,42,Q4,Organizacional,7,6,98.26,Evolución positiva
2024-10-20,2024-10,2024,42,Q4,Metodología,4,3,86.71,Revisar plan
2024-10-20,2024-10,2024,42,Q4,Herramienta,7,6,99.75,Evolución positiva
2024-10-27,2024-10,2024,43,Q4,Proceso,6,5,88.07,Revisar plan
2024-10-27,2024-10,2024,43,Q4,Tecnología,6,4,79.79,Revisar plan
2024-10-27,2024-10,2024,43,Q4,Organizacional,3,2,91.75,Evolución positiva
2024-10-27,2024-10,2024,43,Q4,Metodología,7,6,93.46,Evolución positiva
2024-10-27,2024-10,2024,43,Q4,Herramienta,5,4,98.16,Evolución positiva
2024-11-03,2024-11,2024,44,Q4,Proceso,6,5,84.49,Revisar plan
2024-11-03,2024-11,2024,44,Q4,Tecnología,4,3,80.36,Revisar plan
2024-11-03,2024-11,2024,44,Q4,Organizacional,2,1,99.46,Evolución positiva
2024-11-03,2024-11,2024,44,Q4,Metodología,3,2,81.14,Revisar plan
2024-11-03,2024-11,2024,44,Q4,Herramienta,2,1,90.62,Evolución positiva
2024-11-10,2024-11,2024,45,Q4,Proceso,4,3,76.41,Revisar plan
2024-11-10,2024-11,2024,45,Q4,Tecnología,7,6,89.11,Revisar plan
2024-11-10,2024-11,2024,45,Q4,Organizacional,7,6,93.51,Evolución positiva
2024-11-10,2024-11,2024,45,Q4,Metodología,7,6,96.1,Evolución positiva
2024-11-10,2024-11,2024,45,Q4,Herramienta,6,5,93.19,Evolución positiva
2024-11-17,2024-11,2024,46,Q4,Proceso,7,6,90.02,Evolución positiva
2024-11-17,2024-11,2024,46,Q4,Tecnología,5,4,84.71,Revisar plan
2024-11-17,2024-11,2024,46,Q4,Organizacional,5,4,97.62,Evolución positiva
2024-11-17,2024-11,2024,46,Q4,Metodología,4,3,89.97,Revisar plan
2024-11-17,2024-11,2024,46,Q4,Herramienta,4,3,88.0,Revisar plan
2024-11-24,2024-11,2024,47,Q4,Proceso,4,3,76.22,Revisar plan
2024-11-24,2024-11,2024,47,Q4,Tecnología,4,3,96.52,Evolución positiva
2024-11-24,2024-11,2024,47,Q4,Organizacional,7,6,97.25,Evolución positiva
2024-11-24,2024-11,2024,47,Q4,Metodología,2,1,88.65,Revisar plan
2024-11-24,2024-11,2024,47,Q4,Herramienta,3,2,80.03,Revisar plan
2024-12-01,2024-12,2024,48,Q4,Proceso,5,3,76.87,Revisar plan
2024-12-01,2024-12,2024,48,Q4,Tecnología,3,2,95.72,Evolución positiva
2024-12-01,2024-12,2024,48,Q4,Organizacional,7,5,81.97,Revisar plan
2024-12-01,2024-12,2024,48,Q4,Metodología,4,3,85.4,Revisar plan
2024-12-01,2024-12,2024,48,Q4,Herramienta,5,4,90.13,Evolución positiva
2024-12-08,2024-12,2024,49,Q4,Proceso,5,4,97.98,Evolución positiva
2024-12-08,2024-12,2024,49,Q4,Tecnología,7,5,75.65,Revisar plan
2024-12-08,2024-12,2024,49,Q4,Organizacional,3,2,92.58,Evolución positiva
2024-12-08,2024-12,2024,49,Q4,Metodología,6,5,95.44,Evolución positiva
2024-12-08,2024-12,2024,49,Q4,Herramienta,4,3,98.94,Evolución positiva
2024-12-15,2024-12,2024,50,Q4,Proceso,6,4,76.4,Revisar plan
2024-12-15,2024-12,2024,50,Q4,Tecnología,6,5,91.75,Evolución positiva
2024-12-15,2024-12,2024,50,Q4,Organizacional,6,5,94.04,Evolución positiva
2024-12-15,2024-12,2024,50,Q4,Metodología,7,5,75.51,Revisar plan
2024-12-15,2024-12,2024,50,Q4,Herramienta,6,4,78.51,Revisar plan
2024-12-22,2024-12,2024,51,Q4,Proceso,2,1,94.15,Evolución positiva
2024-12-22,2024-12,2024,51,Q4,Tecnología,4,3,77.77,Revisar plan
2024-12-22,2024-12,2024,51,Q4,Organizacional,3,2,87.26,Revisar plan
2024-12-22,2024-12,2024,51,Q4,Metodología,7,5,84.32,Revisar plan
2024-12-22,2024-12,2024,51,Q4,Herramienta,2,1,87.4,Revisar plan
2024-12-29,2024-12,2024,52,Q4,Proceso,5,3,76.49,Revisar plan
2024-12-29,2024-12,2024,52,Q4,Tecnología,6,5,89.48,Revisar plan
2024-12-29,2024-12,2024,52,Q4,Organizacional,4,3,83.7,Revisar plan
2024-12-29,2024-12,2024,52,Q4,Metodología,4,3,79.3,Revisar plan
2024-12-29,2024-12,2024,52,Q4,Herramienta,3,2,77.01,Revisar plan
